PAPitchNumber,ReleaseSpeed,GamePASeq,GameDate,Inning,TotalOutingPitches,PitchType,Pitcher
4,97.92684937,44,4/4/2025,6,26,FB,PitcherB
1,94.37757111,44,4/4/2025,6,26,FB,PitcherB
3,97.7411499,45,4/4/2025,6,26,FB,PitcherB
1,95.36305237,46,4/4/2025,6,26,SI,PitcherB
1,95.34645081,53,4/4/2025,7,26,SI,PitcherB
3,94.72899628,53,4/4/2025,7,26,SI,PitcherB
2,96.32498932,54,4/4/2025,7,26,FB,PitcherB
2,96.00022888,55,4/4/2025,7,26,SI,PitcherB
1,95.88204956,55,4/4/2025,7,26,SI,PitcherB
5,97.64389038,56,4/4/2025,7,26,FB,PitcherB
3,96.74966431,56,4/4/2025,7,26,FB,PitcherB
1,91.64231873,1,4/5/2025,1,40,FB,PitcherA
2,93.10669708,2,4/5/2025,1,40,FB,PitcherA
1,92.21838379,2,4/5/2025,1,40,FB,PitcherA
5,94.12961578,3,4/5/2025,1,40,FB,PitcherA
2,92.63175201,3,4/5/2025,1,40,FB,PitcherA
1,93.79798889,3,4/5/2025,1,40,FB,PitcherA
3,92.29724121,3,4/5/2025,1,40,FB,PitcherA
4,94.19284821,3,4/5/2025,1,40,FB,PitcherA
3,92.32219696,8,4/5/2025,2,40,FB,PitcherA
1,91.21096039,8,4/5/2025,2,40,FB,PitcherA
5,92.25204468,8,4/5/2025,2,40,FB,PitcherA
6,93.31310272,9,4/5/2025,2,40,FB,PitcherA
2,91.87796021,9,4/5/2025,2,40,FB,PitcherA
3,92.71691895,9,4/5/2025,2,40,FB,PitcherA
4,93.49503326,9,4/5/2025,2,40,FB,PitcherA
1,91.43252563,9,4/5/2025,2,40,FB,PitcherA
1,92.47940063,10,4/5/2025,2,40,FB,PitcherA
4,92.0749588,10,4/5/2025,2,40,FB,PitcherA
6,92.56197357,10,4/5/2025,2,40,FB,PitcherA
3,92.3585434,10,4/5/2025,2,40,FB,PitcherA
1,91.58605194,14,4/5/2025,3,40,FB,PitcherA
3,92.1408844,14,4/5/2025,3,40,FB,PitcherA
2,90.78141022,14,4/5/2025,3,40,FB,PitcherA
2,92.20238495,16,4/5/2025,3,40,FB,PitcherA
1,91.94248199,16,4/5/2025,3,40,FB,PitcherA
4,91.62171936,16,4/5/2025,3,40,FB,PitcherA
3,91.98088837,16,4/5/2025,3,40,FB,PitcherA
3,95.48654175,39,4/8/2025,5,37,FB,PitcherB
2,93.82639313,39,4/8/2025,5,37,SI,PitcherB
1,93.87872314,39,4/8/2025,5,37,SI,PitcherB
4,94.70566559,39,4/8/2025,5,37,FB,PitcherB
5,95.26612854,40,4/8/2025,5,37,FB,PitcherB
2,94.19519043,40,4/8/2025,5,37,FB,PitcherB
4,94.01764679,40,4/8/2025,5,37,FB,PitcherB
1,94.21892548,40,4/8/2025,5,37,FB,PitcherB
4,96.48551178,41,4/8/2025,5,37,FB,PitcherB
2,95.44670868,41,4/8/2025,5,37,FB,PitcherB
1,94.75165558,41,4/8/2025,5,37,SI,PitcherB
6,95.29586792,41,4/8/2025,5,37,SI,PitcherB
1,93.1919632,52,4/8/2025,6,37,SI,PitcherB
2,94.23867798,53,4/8/2025,6,37,FB,PitcherB
4,93.5848465,53,4/8/2025,6,37,FB,PitcherB
2,91.96665955,54,4/8/2025,6,37,SI,PitcherB
1,93.44002533,54,4/8/2025,6,37,FB,PitcherB
5,93.12978363,54,4/8/2025,6,37,FB,PitcherB
2,94.97518921,55,4/8/2025,6,37,FB,PitcherB
3,94.7866745,56,4/8/2025,6,37,FB,PitcherB
3,93.14196777,36,4/11/2025,5,46,FB,PitcherA
1,93.02217865,36,4/11/2025,5,46,FB,PitcherA
2,92.95381165,36,4/11/2025,5,46,FB,PitcherA
4,92.37354279,37,4/11/2025,5,46,FB,PitcherA
1,93.52605438,37,4/11/2025,5,46,FB,PitcherA
1,92.7780838,38,4/11/2025,5,46,FB,PitcherA
4,93.30413055,39,4/11/2025,5,46,FB,PitcherA
2,92.14754486,39,4/11/2025,5,46,FB,PitcherA
2,92.1502533,40,4/11/2025,5,46,FB,PitcherA
3,92.42357635,44,4/11/2025,6,46,FB,PitcherA
1,92.25902557,44,4/11/2025,6,46,FB,PitcherA
1,92.77816772,45,4/11/2025,6,46,FB,PitcherA
2,92.23286438,45,4/11/2025,6,46,FB,PitcherA
2,92.11704254,46,4/11/2025,6,46,FB,PitcherA
3,91.39097595,46,4/11/2025,6,46,FB,PitcherA
2,92.64822388,47,4/11/2025,6,46,FB,PitcherA
3,92.3059082,47,4/11/2025,6,46,FB,PitcherA
4,90.36042023,47,4/11/2025,6,46,FB,PitcherA
2,89.62438202,48,4/11/2025,6,46,FB,PitcherA
4,91.7922287,48,4/11/2025,6,46,FB,PitcherA
5,92.02476501,57,4/11/2025,7,46,FB,PitcherA
1,90.87278748,57,4/11/2025,7,46,FB,PitcherA
3,91.16500092,57,4/11/2025,7,46,FB,PitcherA
3,91.0849762,58,4/11/2025,7,46,FB,PitcherA
6,96.27976227,26,4/12/2025,4,42,FB,PitcherB
1,94.68856049,26,4/12/2025,4,42,SI,PitcherB
2,94.70980835,26,4/12/2025,4,42,SI,PitcherB
3,95.49932861,26,4/12/2025,4,42,FB,PitcherB
6,97.28279877,28,4/12/2025,4,42,FB,PitcherB
4,94.88703156,28,4/12/2025,4,42,SI,PitcherB
3,94.62726593,28,4/12/2025,4,42,SI,PitcherB
2,96.22816467,29,4/12/2025,4,42,FB,PitcherB
3,95.23674774,29,4/12/2025,4,42,FB,PitcherB
4,95.07833099,30,4/12/2025,4,42,FB,PitcherB
1,94.85141754,30,4/12/2025,4,42,SI,PitcherB
2,96.01665497,32,4/12/2025,4,42,FB,PitcherB
2,94.31103516,39,4/12/2025,5,42,FB,PitcherB
1,92.83647156,39,4/12/2025,5,42,FB,PitcherB
4,96.18421173,39,4/12/2025,5,42,FB,PitcherB
2,94.45986938,40,4/12/2025,5,42,FB,PitcherB
4,94.68024445,40,4/12/2025,5,42,FB,PitcherB
1,95.26438141,65,4/16/2025,9,16,FB,PitcherB
5,96.64263916,65,4/16/2025,9,16,FB,PitcherB
6,96.82993317,65,4/16/2025,9,16,FB,PitcherB
2,94.57095337,65,4/16/2025,9,16,FB,PitcherB
3,96.59798431,66,4/16/2025,9,16,FB,PitcherB
6,95.76548004,66,4/16/2025,9,16,FB,PitcherB
1,97.50034332,66,4/16/2025,9,16,FB,PitcherB
3,95.76425934,67,4/16/2025,9,16,FB,PitcherB
4,93.22058105,1,4/17/2025,1,56,FB,PitcherA
1,93.74940491,1,4/17/2025,1,56,FB,PitcherA
6,94.19098663,1,4/17/2025,1,56,FB,PitcherA
3,94.24427032,2,4/17/2025,1,56,FB,PitcherA
2,93.91511536,2,4/17/2025,1,56,FB,PitcherA
3,93.46975708,3,4/17/2025,1,56,FB,PitcherA
4,93.68653107,3,4/17/2025,1,56,FB,PitcherA
2,94.31845856,3,4/17/2025,1,56,FB,PitcherA
5,94.72690582,3,4/17/2025,1,56,FB,PitcherA
3,93.11154938,7,4/17/2025,2,56,FB,PitcherA
2,92.87824249,7,4/17/2025,2,56,FB,PitcherA
1,93.44031525,7,4/17/2025,2,56,FB,PitcherA
2,93.93371582,8,4/17/2025,2,56,FB,PitcherA
4,92.91559601,8,4/17/2025,2,56,FB,PitcherA
3,93.72658539,8,4/17/2025,2,56,FB,PitcherA
3,90.77536011,9,4/17/2025,2,56,FB,PitcherA
6,92.38329315,9,4/17/2025,2,56,FB,PitcherA
3,91.48406219,10,4/17/2025,2,56,FB,PitcherA
2,91.27439117,10,4/17/2025,2,56,FB,PitcherA
1,93.13482666,10,4/17/2025,2,56,FB,PitcherA
1,91.39265442,16,4/17/2025,3,56,FB,PitcherA
2,92.36676788,16,4/17/2025,3,56,FB,PitcherA
4,92.85565186,17,4/17/2025,3,56,FB,PitcherA
3,92.96724701,17,4/17/2025,3,56,FB,PitcherA
1,92.51327515,18,4/17/2025,3,56,FB,PitcherA
2,92.12989044,18,4/17/2025,3,56,FB,PitcherA
1,92.34062195,22,4/17/2025,4,56,FB,PitcherA
4,91.556427,22,4/17/2025,4,56,FB,PitcherA
3,92.43677521,22,4/17/2025,4,56,FB,PitcherA
7,91.41481018,23,4/17/2025,4,56,FB,PitcherA
2,91.91949463,23,4/17/2025,4,56,FB,PitcherA
4,91.52999878,23,4/17/2025,4,56,FB,PitcherA
2,91.11998749,24,4/17/2025,4,56,FB,PitcherA
1,91.27675629,24,4/17/2025,4,56,FB,PitcherA
1,96.12484741,46,4/20/2025,7,30,FB,PitcherB
4,97.99450684,47,4/20/2025,7,30,FB,PitcherB
2,96.62852478,47,4/20/2025,7,30,FB,PitcherB
1,95.91619873,47,4/20/2025,7,30,FB,PitcherB
5,97.24653625,48,4/20/2025,7,30,FB,PitcherB
4,96.73986053,57,4/20/2025,8,30,FB,PitcherB
2,94.98749542,57,4/20/2025,8,30,FB,PitcherB
1,95.43112183,57,4/20/2025,8,30,FB,PitcherB
2,95.59197998,59,4/20/2025,8,30,FB,PitcherB
8,97.75691986,59,4/20/2025,8,30,FB,PitcherB
1,93.96131897,59,4/20/2025,8,30,FB,PitcherB
7,96.2963028,59,4/20/2025,8,30,FB,PitcherB
1,95.48467255,60,4/20/2025,8,30,FB,PitcherB
2,94.83058929,60,4/20/2025,8,30,FB,PitcherB
3,92.96515656,32,4/23/2025,4,58,FB,PitcherA
2,92.92823029,33,4/23/2025,4,58,FB,PitcherA
1,94.01096344,34,4/23/2025,4,58,FB,PitcherA
2,93.0158844,34,4/23/2025,4,58,FB,PitcherA
4,93.15859985,35,4/23/2025,4,58,FB,PitcherA
2,93.42740631,35,4/23/2025,4,58,FB,PitcherA
2,92.16184235,39,4/23/2025,5,58,FB,PitcherA
1,92.68924713,39,4/23/2025,5,58,FB,PitcherA
5,92.04677582,39,4/23/2025,5,58,FB,PitcherA
3,93.15155792,40,4/23/2025,5,58,FB,PitcherA
2,92.5040741,41,4/23/2025,5,58,FB,PitcherA
4,93.49951935,41,4/23/2025,5,58,FB,PitcherA
6,92.50650787,41,4/23/2025,5,58,FB,PitcherA
3,93.00917816,41,4/23/2025,5,58,FB,PitcherA
1,91.47116089,42,4/23/2025,5,58,FB,PitcherA
2,92.33011627,42,4/23/2025,5,58,FB,PitcherA
1,91.64056396,48,4/23/2025,6,58,FB,PitcherA
3,92.92771912,48,4/23/2025,6,58,FB,PitcherA
5,92.75918579,48,4/23/2025,6,58,FB,PitcherA
3,92.85494995,49,4/23/2025,6,58,FB,PitcherA
1,92.88838959,50,4/23/2025,6,58,FB,PitcherA
1,91.26156616,56,4/23/2025,7,58,FB,PitcherA
1,90.21232605,57,4/23/2025,7,58,FB,PitcherA
3,91.18228149,58,4/23/2025,7,58,FB,PitcherA
1,90.73711395,58,4/23/2025,7,58,FB,PitcherA
5,91.87317657,58,4/23/2025,7,58,FB,PitcherA
6,90.55480194,58,4/23/2025,7,58,FB,PitcherA
3,91.65750122,59,4/23/2025,7,58,FB,PitcherA
2,90.91642761,59,4/23/2025,7,58,FB,PitcherA
1,91.21665192,59,4/23/2025,7,58,FB,PitcherA
3,90.6858902,60,4/23/2025,7,58,FB,PitcherA
1,94.59192657,46,4/25/2025,6,31,SI,PitcherB
2,94.33703613,46,4/25/2025,6,31,SI,PitcherB
2,96.73782349,47,4/25/2025,6,31,FB,PitcherB
1,93.69078827,48,4/25/2025,6,31,SI,PitcherB
2,95.99272156,48,4/25/2025,6,31,SI,PitcherB
3,95.6410141,49,4/25/2025,6,31,SI,PitcherB
6,96.54271698,49,4/25/2025,6,31,FB,PitcherB
7,97.31188202,49,4/25/2025,6,31,FB,PitcherB
4,95.91078186,55,4/25/2025,7,31,FB,PitcherB
3,95.18862915,55,4/25/2025,7,31,FB,PitcherB
3,95.23503876,56,4/25/2025,7,31,FB,PitcherB
4,95.27113342,56,4/25/2025,7,31,FB,PitcherB
1,94.86590576,56,4/25/2025,7,31,FB,PitcherB
5,96.21257019,56,4/25/2025,7,31,FB,PitcherB
2,95.11096191,57,4/25/2025,7,31,FB,PitcherB
1,92.5477066,58,4/25/2025,7,31,SI,PitcherB
2,94.28302002,59,4/25/2025,7,31,SI,PitcherB
1,91.84054565,6,4/29/2025,1,64,FB,PitcherA
1,92.28549957,7,4/29/2025,1,64,FB,PitcherA
3,92.64537811,8,4/29/2025,1,64,FB,PitcherA
6,91.63031769,8,4/29/2025,1,64,FB,PitcherA
2,91.79223633,8,4/29/2025,1,64,FB,PitcherA
7,91.80335999,8,4/29/2025,1,64,FB,PitcherA
1,92.33244324,10,4/29/2025,1,64,FB,PitcherA
7,90.98422241,10,4/29/2025,1,64,FB,PitcherA
2,91.27916718,10,4/29/2025,1,64,FB,PitcherA
5,91.50771332,10,4/29/2025,1,64,FB,PitcherA
4,91.65454865,10,4/29/2025,1,64,FB,PitcherA
3,91.34197998,11,4/29/2025,1,64,FB,PitcherA
1,91.17641449,11,4/29/2025,1,64,FB,PitcherA
5,92.48479462,11,4/29/2025,1,64,FB,PitcherA
2,91.45146179,12,4/29/2025,1,64,FB,PitcherA
1,91.41989136,12,4/29/2025,1,64,FB,PitcherA
3,91.12562561,12,4/29/2025,1,64,FB,PitcherA
4,90.21756744,12,4/29/2025,1,64,FB,PitcherA
1,92.08037567,19,4/29/2025,2,64,FB,PitcherA
2,92.28990936,19,4/29/2025,2,64,FB,PitcherA
3,92.61081696,20,4/29/2025,2,64,FB,PitcherA
1,92.29980469,20,4/29/2025,2,64,FB,PitcherA
2,91.58584595,20,4/29/2025,2,64,FB,PitcherA
2,92.09933472,21,4/29/2025,2,64,FB,PitcherA
1,93.16986847,21,4/29/2025,2,64,FB,PitcherA
1,91.84844971,25,4/29/2025,3,64,FB,PitcherA
3,93.07292938,26,4/29/2025,3,64,FB,PitcherA
6,92.69393158,26,4/29/2025,3,64,FB,PitcherA
3,91.98960876,27,4/29/2025,3,64,FB,PitcherA
1,92.49999237,27,4/29/2025,3,64,FB,PitcherA
3,90.99429321,28,4/29/2025,3,64,FB,PitcherA
1,91.25889587,29,4/29/2025,3,64,FB,PitcherA
2,90.88874054,35,4/29/2025,4,64,FB,PitcherA
3,91.37115479,36,4/29/2025,4,64,FB,PitcherA
1,92.20542145,36,4/29/2025,4,64,FB,PitcherA
2,91.50056458,36,4/29/2025,4,64,FB,PitcherA
1,91.68602753,37,4/29/2025,4,64,FB,PitcherA
4,90.25467682,38,4/29/2025,4,64,FB,PitcherA
2,94.91175842,45,4/30/2025,6,22,FB,PitcherB
3,95.30264282,45,4/30/2025,6,22,FB,PitcherB
3,94.75715637,46,4/30/2025,6,22,SI,PitcherB
1,94.86331177,47,4/30/2025,6,22,FB,PitcherB
3,93.65975952,51,4/30/2025,7,22,SI,PitcherB
2,95.71704102,52,4/30/2025,7,22,FB,PitcherB
1,95.73640442,52,4/30/2025,7,22,FB,PitcherB
3,97.10463715,52,4/30/2025,7,22,FB,PitcherB
2,93.65866852,53,4/30/2025,7,22,SI,PitcherB
3,96.06066895,54,4/30/2025,7,22,FB,PitcherB
2,95.51192474,54,4/30/2025,7,22,FB,PitcherB
1,94.41426086,40,5/4/2025,5,47,FB,PitcherA
3,94.21661377,40,5/4/2025,5,47,FB,PitcherA
1,92.84577179,41,5/4/2025,5,47,FB,PitcherA
2,92.40687561,41,5/4/2025,5,47,FB,PitcherA
7,91.87772369,42,5/4/2025,5,47,FB,PitcherA
1,92.7527771,42,5/4/2025,5,47,FB,PitcherA
5,91.66101837,42,5/4/2025,5,47,FB,PitcherA
2,93.00117493,42,5/4/2025,5,47,FB,PitcherA
1,91.96126556,43,5/4/2025,5,47,FB,PitcherA
1,92.32835388,49,5/4/2025,6,47,FB,PitcherA
1,90.551651,50,5/4/2025,6,47,FB,PitcherA
2,91.23995209,50,5/4/2025,6,47,FB,PitcherA
6,92.30263519,50,5/4/2025,6,47,FB,PitcherA
3,91.65934753,50,5/4/2025,6,47,FB,PitcherA
7,91.96717834,50,5/4/2025,6,47,FB,PitcherA
1,91.67520905,51,5/4/2025,6,47,FB,PitcherA
3,91.81443787,52,5/4/2025,6,47,FB,PitcherA
6,91.25888062,52,5/4/2025,6,47,FB,PitcherA
4,91.96031952,52,5/4/2025,6,47,FB,PitcherA
5,92.1003952,52,5/4/2025,6,47,FB,PitcherA
5,91.24880981,53,5/4/2025,6,47,FB,PitcherA
6,91.98667908,53,5/4/2025,6,47,FB,PitcherA
4,91.62464142,53,5/4/2025,6,47,FB,PitcherA
6,91.60516357,55,5/4/2025,6,47,FB,PitcherA
4,91.38438416,55,5/4/2025,6,47,FB,PitcherA
1,90.74320984,55,5/4/2025,6,47,FB,PitcherA
5,96.74273682,40,5/6/2025,6,30,FB,PitcherB
4,95.4764328,40,5/6/2025,6,30,FB,PitcherB
1,95.89876556,41,5/6/2025,6,30,FB,PitcherB
4,94.58448792,41,5/6/2025,6,30,FB,PitcherB
7,97.2946167,42,5/6/2025,6,30,FB,PitcherB
6,97.16410065,42,5/6/2025,6,30,FB,PitcherB
5,96.99488068,43,5/6/2025,6,30,FB,PitcherB
1,94.85964966,43,5/6/2025,6,30,SI,PitcherB
1,92.93660736,48,5/6/2025,7,30,SI,PitcherB
1,93.39529419,49,5/6/2025,7,30,SI,PitcherB
1,93.69101715,50,5/6/2025,7,30,SI,PitcherB
2,96.67406464,1,5/9/2025,1,35,FB,PitcherB
4,96.87848663,1,5/9/2025,1,35,FB,PitcherB
1,96.65232086,1,5/9/2025,1,35,FB,PitcherB
1,94.84811401,2,5/9/2025,1,35,SI,PitcherB
3,95.38624573,3,5/9/2025,1,35,FB,PitcherB
1,95.14894867,3,5/9/2025,1,35,FB,PitcherB
5,95.56867981,4,5/9/2025,1,35,FB,PitcherB
1,93.98138428,4,5/9/2025,1,35,SI,PitcherB
4,97.09322357,4,5/9/2025,1,35,FB,PitcherB
2,96.34301758,5,5/9/2025,1,35,FB,PitcherB
1,95.95960999,5,5/9/2025,1,35,FB,PitcherB
3,97.44268799,5,5/9/2025,1,35,FB,PitcherB
3,96.51344299,10,5/9/2025,2,35,FB,PitcherB
1,94.79029846,10,5/9/2025,2,35,FB,PitcherB
1,96.44535065,11,5/9/2025,2,35,FB,PitcherB
1,94.42501831,12,5/9/2025,2,35,SI,PitcherB
2,96.21614075,12,5/9/2025,2,35,FB,PitcherB
3,96.38200378,13,5/9/2025,2,35,FB,PitcherB
2,93.0318985,13,5/9/2025,2,35,SI,PitcherB
1,93.87355804,1,5/10/2025,1,61,FB,PitcherA
5,94.23068237,2,5/10/2025,1,61,FB,PitcherA
2,93.77714539,2,5/10/2025,1,61,FB,PitcherA
1,93.8819809,2,5/10/2025,1,61,FB,PitcherA
3,93.95289612,2,5/10/2025,1,61,FB,PitcherA
1,91.6648941,3,5/10/2025,1,61,FB,PitcherA
2,92.25244141,3,5/10/2025,1,61,FB,PitcherA
5,92.97006989,3,5/10/2025,1,61,FB,PitcherA
1,93.55490112,4,5/10/2025,1,61,FB,PitcherA
1,92.01692963,5,5/10/2025,1,61,FB,PitcherA
5,92.42189026,11,5/10/2025,2,61,FB,PitcherA
6,91.61624146,11,5/10/2025,2,61,FB,PitcherA
3,91.2282486,11,5/10/2025,2,61,FB,PitcherA
2,93.08634186,11,5/10/2025,2,61,FB,PitcherA
1,92.74539948,11,5/10/2025,2,61,FB,PitcherA
8,91.17783356,11,5/10/2025,2,61,FB,PitcherA
7,92.01177979,11,5/10/2025,2,61,FB,PitcherA
2,92.16381073,12,5/10/2025,2,61,FB,PitcherA
4,92.18908691,12,5/10/2025,2,61,FB,PitcherA
1,92.46279907,13,5/10/2025,2,61,FB,PitcherA
3,94.2915802,14,5/10/2025,2,61,FB,PitcherA
5,92.44164276,14,5/10/2025,2,61,FB,PitcherA
1,91.89500427,14,5/10/2025,2,61,FB,PitcherA
2,91.12080383,15,5/10/2025,2,61,FB,PitcherA
1,91.60871887,20,5/10/2025,3,61,FB,PitcherA
1,91.27468109,22,5/10/2025,3,61,FB,PitcherA
3,93.20187378,29,5/10/2025,4,61,FB,PitcherA
1,92.31556702,30,5/10/2025,4,61,FB,PitcherA
3,95.75543976,41,5/13/2025,5,11,FB,PitcherB
1,94.09415436,47,5/13/2025,6,11,FB,PitcherB
1,92.79781342,48,5/13/2025,6,11,SI,PitcherB
1,94.77890015,32,5/16/2025,4,43,FB,PitcherA
4,94.44689941,32,5/16/2025,4,43,FB,PitcherA
2,94.48012543,32,5/16/2025,4,43,FB,PitcherA
5,94.32759094,32,5/16/2025,4,43,FB,PitcherA
3,92.18075562,33,5/16/2025,4,43,FB,PitcherA
1,92.40587616,33,5/16/2025,4,43,FB,PitcherA
1,92.90045929,38,5/16/2025,5,43,FB,PitcherA
3,94.86882782,39,5/16/2025,5,43,FB,PitcherA
2,93.02397919,39,5/16/2025,5,43,FB,PitcherA
1,94.76869202,39,5/16/2025,5,43,FB,PitcherA
3,94.02701569,45,5/16/2025,6,43,FB,PitcherA
1,92.89807892,45,5/16/2025,6,43,FB,PitcherA
1,92.85850525,53,5/16/2025,7,43,FB,PitcherA
5,92.9395752,54,5/16/2025,7,43,FB,PitcherA
1,92.91104126,55,5/16/2025,7,43,FB,PitcherA
2,94.19176483,34,5/17/2025,4,27,FB,PitcherB
3,93.03548431,34,5/17/2025,4,27,FB,PitcherB
1,93.09799957,35,5/17/2025,4,27,SI,PitcherB
4,94.71279144,37,5/17/2025,4,27,FB,PitcherB
2,94.5269165,37,5/17/2025,4,27,FB,PitcherB
1,94.70000458,41,5/17/2025,5,27,FB,PitcherB
2,95.27549744,42,5/17/2025,5,27,FB,PitcherB
4,93.98513794,42,5/17/2025,5,27,FB,PitcherB
4,93.78052521,43,5/17/2025,5,27,FB,PitcherB
1,92.68734741,43,5/17/2025,5,27,SI,PitcherB
2,93.5079422,43,5/17/2025,5,27,SI,PitcherB
2,95.80129242,44,5/17/2025,5,27,FB,PitcherB
1,95.19895172,44,5/17/2025,5,27,FB,PitcherB
1,95.65156555,57,5/20/2025,8,19,FB,PitcherB
4,95.88104248,59,5/20/2025,8,19,FB,PitcherB
1,94.9802475,59,5/20/2025,8,19,FB,PitcherB
2,95.83259583,59,5/20/2025,8,19,FB,PitcherB
3,96.04482269,59,5/20/2025,8,19,FB,PitcherB
1,94.19904327,65,5/20/2025,9,19,SI,PitcherB
1,95.05182648,66,5/20/2025,9,19,FB,PitcherB
2,94.20232391,66,5/20/2025,9,19,SI,PitcherB
1,93.99882507,67,5/20/2025,9,19,SI,PitcherB
4,96.18470001,67,5/20/2025,9,19,FB,PitcherB
8,92.42991638,1,5/22/2025,1,76,FB,PitcherA
1,93.71848297,1,5/22/2025,1,76,FB,PitcherA
4,92.64992523,1,5/22/2025,1,76,FB,PitcherA
2,93.6219101,1,5/22/2025,1,76,FB,PitcherA
1,92.31843567,2,5/22/2025,1,76,FB,PitcherA
2,92.38821411,2,5/22/2025,1,76,FB,PitcherA
3,93.12366486,3,5/22/2025,1,76,FB,PitcherA
5,92.8378067,3,5/22/2025,1,76,FB,PitcherA
2,92.67764282,4,5/22/2025,1,76,FB,PitcherA
5,91.59069824,4,5/22/2025,1,76,FB,PitcherA
4,93.08045959,4,5/22/2025,1,76,FB,PitcherA
1,92.06880951,5,5/22/2025,1,76,FB,PitcherA
5,92.01268768,5,5/22/2025,1,76,FB,PitcherA
1,91.7781601,11,5/22/2025,2,76,FB,PitcherA
2,91.35128784,11,5/22/2025,2,76,FB,PitcherA
5,92.37917328,11,5/22/2025,2,76,FB,PitcherA
1,92.10916901,12,5/22/2025,2,76,FB,PitcherA
7,91.9488678,12,5/22/2025,2,76,FB,PitcherA
5,93.31765747,12,5/22/2025,2,76,FB,PitcherA
5,90.73175812,13,5/22/2025,2,76,FB,PitcherA
3,90.90901184,13,5/22/2025,2,76,FB,PitcherA
1,91.15721893,13,5/22/2025,2,76,FB,PitcherA
1,90.57421112,14,5/22/2025,2,76,FB,PitcherA
1,90.32652283,20,5/22/2025,3,76,FB,PitcherA
6,92.15462494,21,5/22/2025,3,76,FB,PitcherA
3,91.27734375,21,5/22/2025,3,76,FB,PitcherA
3,90.49516296,22,5/22/2025,3,76,FB,PitcherA
2,89.61720276,22,5/22/2025,3,76,FB,PitcherA
4,91.00229645,22,5/22/2025,3,76,FB,PitcherA
1,90.06484222,23,5/22/2025,3,76,FB,PitcherA
4,91.90763855,24,5/22/2025,3,76,FB,PitcherA
2,90.70120239,24,5/22/2025,3,76,FB,PitcherA
1,90.93550873,33,5/22/2025,4,76,FB,PitcherA
7,91.62883759,33,5/22/2025,4,76,FB,PitcherA
4,91.48596191,33,5/22/2025,4,76,FB,PitcherA
6,91.46164703,33,5/22/2025,4,76,FB,PitcherA
1,91.44338226,34,5/22/2025,4,76,FB,PitcherA
3,92.48264313,35,5/22/2025,4,76,FB,PitcherA
2,91.92884064,35,5/22/2025,4,76,FB,PitcherA
4,92.38114929,35,5/22/2025,4,76,FB,PitcherA
1,92.43493652,69,5/24/2025,9,26,SI,PitcherB
2,93.74824524,69,5/24/2025,9,26,SI,PitcherB
3,93.64587402,70,5/24/2025,9,26,SI,PitcherB
2,95.46656799,71,5/24/2025,9,26,FB,PitcherB
8,96.19996643,71,5/24/2025,9,26,FB,PitcherB
5,96.22603607,72,5/24/2025,9,26,FB,PitcherB
1,93.98880768,72,5/24/2025,9,26,SI,PitcherB
4,94.92570496,72,5/24/2025,9,26,SI,PitcherB
1,92.18798065,73,5/24/2025,9,26,SI,PitcherB
2,91.81166077,5,5/29/2025,1,42,FB,PitcherA
1,92.82006073,5,5/29/2025,1,42,FB,PitcherA
3,92.36192322,5,5/29/2025,1,42,FB,PitcherA
1,93.88665009,6,5/29/2025,1,42,FB,PitcherA
4,93.33229828,8,5/29/2025,1,42,FB,PitcherA
1,91.80859375,12,5/29/2025,2,42,FB,PitcherA
3,93.04772949,13,5/29/2025,2,42,FB,PitcherA
1,92.25647736,14,5/29/2025,2,42,FB,PitcherA
3,91.84986877,14,5/29/2025,2,42,FB,PitcherA
2,92.33407593,14,5/29/2025,2,42,FB,PitcherA
3,92.26766968,18,5/29/2025,3,42,FB,PitcherA
4,92.49411011,18,5/29/2025,3,42,FB,PitcherA
1,92.16552734,18,5/29/2025,3,42,FB,PitcherA
5,92.71812439,19,5/29/2025,3,42,FB,PitcherA
3,92.28624725,19,5/29/2025,3,42,FB,PitcherA
1,92.52724457,19,5/29/2025,3,42,FB,PitcherA
3,92.48011017,20,5/29/2025,3,42,FB,PitcherA
2,91.97600555,25,5/29/2025,4,42,FB,PitcherA
1,91.28783417,26,5/29/2025,4,42,FB,PitcherA
3,95.41733551,52,5/30/2025,6,27,FB,PitcherB
1,94.69248962,53,5/30/2025,6,27,SI,PitcherB
1,95.83624268,54,5/30/2025,6,27,FB,PitcherB
4,96.29077911,54,5/30/2025,6,27,FB,PitcherB
8,96.05751038,54,5/30/2025,6,27,FB,PitcherB
1,92.92162323,59,5/30/2025,7,27,SI,PitcherB
2,93.70030975,59,5/30/2025,7,27,SI,PitcherB
2,95.84732056,60,5/30/2025,7,27,FB,PitcherB
3,97.94618988,61,5/30/2025,7,27,FB,PitcherB
2,93.69504547,61,5/30/2025,7,27,SI,PitcherB
1,96.1544342,61,5/30/2025,7,27,FB,PitcherB
3,97.05271149,62,6/4/2025,8,18,FB,PitcherB
2,96.77211761,62,6/4/2025,8,18,FB,PitcherB
5,97.6635437,63,6/4/2025,8,18,FB,PitcherB
1,96.19827271,63,6/4/2025,8,18,FB,PitcherB
4,96.25006866,64,6/4/2025,8,18,FB,PitcherB
5,97.05420685,64,6/4/2025,8,18,FB,PitcherB
1,94.30321503,65,6/4/2025,8,18,SI,PitcherB
2,93.61379242,1,6/5/2025,1,79,FB,PitcherA
1,93.56156921,1,6/5/2025,1,79,FB,PitcherA
1,94.87299347,2,6/5/2025,1,79,FB,PitcherA
1,94.92277527,3,6/5/2025,1,79,FB,PitcherA
3,93.57582855,7,6/5/2025,2,79,FB,PitcherA
3,94.82813263,9,6/5/2025,2,79,FB,PitcherA
7,94.42192078,9,6/5/2025,2,79,FB,PitcherA
4,93.55388641,9,6/5/2025,2,79,FB,PitcherA
1,92.90435791,14,6/5/2025,3,79,FB,PitcherA
5,93.00471497,15,6/5/2025,3,79,FB,PitcherA
3,92.87445831,15,6/5/2025,3,79,FB,PitcherA
1,92.06534576,15,6/5/2025,3,79,FB,PitcherA
3,93.08763885,16,6/5/2025,3,79,FB,PitcherA
2,93.57798004,16,6/5/2025,3,79,FB,PitcherA
3,93.73027802,17,6/5/2025,3,79,FB,PitcherA
2,92.05787659,18,6/5/2025,3,79,FB,PitcherA
2,91.43372345,23,6/5/2025,4,79,FB,PitcherA
7,93.30092621,23,6/5/2025,4,79,FB,PitcherA
3,92.54606628,23,6/5/2025,4,79,FB,PitcherA
6,94.08778381,24,6/5/2025,4,79,FB,PitcherA
4,95.03922272,24,6/5/2025,4,79,FB,PitcherA
1,93.87669373,24,6/5/2025,4,79,FB,PitcherA
3,94.28383636,24,6/5/2025,4,79,FB,PitcherA
3,92.76602936,25,6/5/2025,4,79,FB,PitcherA
1,92.4333725,25,6/5/2025,4,79,FB,PitcherA
4,93.17523956,25,6/5/2025,4,79,FB,PitcherA
1,92.36227417,31,6/5/2025,5,79,FB,PitcherA
4,92.69158936,32,6/5/2025,5,79,FB,PitcherA
5,91.25978851,32,6/5/2025,5,79,FB,PitcherA
1,91.16426086,33,6/5/2025,5,79,FB,PitcherA
1,92.02653503,34,6/5/2025,5,79,FB,PitcherA
4,92.32784271,34,6/5/2025,5,79,FB,PitcherA
6,91.3862915,34,6/5/2025,5,79,FB,PitcherA
2,91.42106628,34,6/5/2025,5,79,FB,PitcherA
5,92.0243988,34,6/5/2025,5,79,FB,PitcherA
3,92.80991364,35,6/5/2025,5,79,FB,PitcherA
2,92.1023941,35,6/5/2025,5,79,FB,PitcherA
5,92.34593201,36,6/5/2025,5,79,FB,PitcherA
3,92.95082092,36,6/5/2025,5,79,FB,PitcherA
3,91.94194794,87,6/6/2025,12,19,SI,PitcherB
3,94.83990479,88,6/6/2025,12,19,FB,PitcherB
1,95.27733612,91,6/6/2025,12,19,FB,PitcherB
3,94.81314087,91,6/6/2025,12,19,FB,PitcherB
4,94.62936401,91,6/6/2025,12,19,FB,PitcherB
5,95.03109741,91,6/6/2025,12,19,FB,PitcherB
1,94.79192352,92,6/6/2025,12,19,FB,PitcherB
1,94.42677307,76,6/8/2025,9,26,FB,PitcherB
2,95.42008209,77,6/8/2025,9,26,FB,PitcherB
5,94.8012619,78,6/8/2025,9,26,FB,PitcherB
4,94.55997467,78,6/8/2025,9,26,FB,PitcherB
2,92.84698486,80,6/8/2025,9,26,SI,PitcherB
3,94.59670258,80,6/8/2025,9,26,FB,PitcherB
4,95.12551117,82,6/8/2025,9,26,FB,PitcherB
1,94.75753784,82,6/8/2025,9,26,SI,PitcherB
2,95.48973846,82,6/8/2025,9,26,FB,PitcherB
2,92.58470917,7,6/11/2025,1,69,FB,PitcherA
1,92.88169098,7,6/11/2025,1,69,FB,PitcherA
1,93.73854828,8,6/11/2025,1,69,FB,PitcherA
4,93.40094757,8,6/11/2025,1,69,FB,PitcherA
2,93.03653717,9,6/11/2025,1,69,FB,PitcherA
4,93.01586914,9,6/11/2025,1,69,FB,PitcherA
1,91.8819809,9,6/11/2025,1,69,FB,PitcherA
4,92.19080353,10,6/11/2025,1,69,FB,PitcherA
1,92.27572632,11,6/11/2025,1,69,FB,PitcherA
4,93.28614807,15,6/11/2025,2,69,FB,PitcherA
1,90.8207016,15,6/11/2025,2,69,FB,PitcherA
2,93.16356659,15,6/11/2025,2,69,FB,PitcherA
1,93.04902649,17,6/11/2025,2,69,FB,PitcherA
1,91.50930786,22,6/11/2025,3,69,FB,PitcherA
5,92.34745026,23,6/11/2025,3,69,FB,PitcherA
1,92.56890106,23,6/11/2025,3,69,FB,PitcherA
1,93.18591309,24,6/11/2025,3,69,FB,PitcherA
3,92.34190369,25,6/11/2025,3,69,FB,PitcherA
2,92.8183136,25,6/11/2025,3,69,FB,PitcherA
1,91.19637299,29,6/11/2025,4,69,FB,PitcherA
4,92.02662659,31,6/11/2025,4,69,FB,PitcherA
3,92.18039703,36,6/11/2025,5,69,FB,PitcherA
1,91.71341705,37,6/11/2025,5,69,FB,PitcherA
2,91.32491302,39,6/11/2025,5,69,FB,PitcherA
1,91.64359283,39,6/11/2025,5,69,FB,PitcherA
7,92.44642639,41,6/11/2025,5,69,FB,PitcherA
6,91.43003845,41,6/11/2025,5,69,FB,PitcherA
3,92.12590027,41,6/11/2025,5,69,FB,PitcherA
3,91.48171997,42,6/11/2025,5,69,FB,PitcherA
2,96.0069046,28,6/12/2025,3,10,FB,PitcherB
1,92.94523621,37,6/12/2025,4,10,SI,PitcherB
1,95.15387726,38,6/12/2025,4,10,FB,PitcherB
3,95.42921448,39,6/12/2025,4,10,FB,PitcherB
1,95.45735931,39,6/12/2025,4,10,FB,PitcherB
3,95.10099792,64,6/15/2025,8,10,FB,PitcherB
1,93.3276825,65,6/15/2025,8,10,SI,PitcherB
1,94.09912109,9,6/17/2025,2,57,FB,PitcherA
1,93.55823517,10,6/17/2025,2,57,FB,PitcherA
1,93.59960175,11,6/17/2025,2,57,FB,PitcherA
2,92.80819702,16,6/17/2025,3,57,FB,PitcherA
1,93.03858948,16,6/17/2025,3,57,FB,PitcherA
1,94.63788605,17,6/17/2025,3,57,FB,PitcherA
1,94.81192017,18,6/17/2025,3,57,FB,PitcherA
4,94.09463501,23,6/17/2025,4,57,FB,PitcherA
3,92.50765991,23,6/17/2025,4,57,FB,PitcherA
3,93.88526917,24,6/17/2025,4,57,FB,PitcherA
4,91.54132843,25,6/17/2025,4,57,FB,PitcherA
2,93.68008423,25,6/17/2025,4,57,FB,PitcherA
3,93.34604645,25,6/17/2025,4,57,FB,PitcherA
1,92.41144562,26,6/17/2025,4,57,FB,PitcherA
4,91.6858902,26,6/17/2025,4,57,FB,PitcherA
2,92.48497772,26,6/17/2025,4,57,FB,PitcherA
3,92.49600983,27,6/17/2025,4,57,FB,PitcherA
2,92.42434692,27,6/17/2025,4,57,FB,PitcherA
3,91.07727814,28,6/17/2025,4,57,FB,PitcherA
2,92.50453949,28,6/17/2025,4,57,FB,PitcherA
3,93.57040405,32,6/17/2025,5,57,FB,PitcherA
1,91.7175827,32,6/17/2025,5,57,FB,PitcherA
1,92.88592529,33,6/17/2025,5,57,FB,PitcherA
6,92.15644073,34,6/17/2025,5,57,FB,PitcherA
3,92.42414093,34,6/17/2025,5,57,FB,PitcherA
1,91.76846313,35,6/17/2025,5,57,FB,PitcherA
2,93.80770874,36,6/17/2025,5,57,FB,PitcherA
4,92.6325531,36,6/17/2025,5,57,FB,PitcherA
3,96.22541809,74,6/19/2025,9,14,FB,PitcherB
1,94.08269501,74,6/19/2025,9,14,SI,PitcherB
4,95.58387756,74,6/19/2025,9,14,FB,PitcherB
5,96.24537659,75,6/19/2025,9,14,FB,PitcherB
3,95.97831726,75,6/19/2025,9,14,FB,PitcherB
2,96.15407562,39,6/21/2025,6,27,FB,PitcherB
1,95.62197113,39,6/21/2025,6,27,FB,PitcherB
3,95.57645416,40,6/21/2025,6,27,FB,PitcherB
3,95.60240936,41,6/21/2025,6,27,FB,PitcherB
1,94.34493256,41,6/21/2025,6,27,SI,PitcherB
2,97.31461334,42,6/21/2025,6,27,FB,PitcherB
5,98.10374451,42,6/21/2025,6,27,FB,PitcherB
1,94.00087738,50,6/21/2025,7,27,SI,PitcherB
3,93.74866486,50,6/21/2025,7,27,FB,PitcherB
5,96.24945068,50,6/21/2025,7,27,FB,PitcherB
1,91.14602661,5,6/24/2025,1,66,FB,PitcherA
2,91.2130661,5,6/24/2025,1,66,FB,PitcherA
4,92.89432526,5,6/24/2025,1,66,FB,PitcherA
1,92.80259705,6,6/24/2025,1,66,FB,PitcherA
2,91.57266235,6,6/24/2025,1,66,FB,PitcherA
3,90.60445404,7,6/24/2025,1,66,FB,PitcherA
2,91.64862061,8,6/24/2025,1,66,FB,PitcherA
3,91.37134552,12,6/24/2025,2,66,FB,PitcherA
2,91.81942749,13,6/24/2025,2,66,FB,PitcherA
2,92.57828522,14,6/24/2025,2,66,FB,PitcherA
3,91.12109375,18,6/24/2025,3,66,FB,PitcherA
1,90.62242889,19,6/24/2025,3,66,FB,PitcherA
3,90.8466568,25,6/24/2025,4,66,FB,PitcherA
2,92.22499847,25,6/24/2025,4,66,FB,PitcherA
2,92.11014557,26,6/24/2025,4,66,FB,PitcherA
1,91.65387726,26,6/24/2025,4,66,FB,PitcherA
3,91.66146088,27,6/24/2025,4,66,FB,PitcherA
2,91.41039276,34,6/24/2025,5,66,FB,PitcherA
1,91.60050201,34,6/24/2025,5,66,FB,PitcherA
3,90.34508514,35,6/24/2025,5,66,FB,PitcherA
1,91.39958954,35,6/24/2025,5,66,FB,PitcherA
3,91.74842072,36,6/24/2025,5,66,FB,PitcherA
4,91.65899658,37,6/24/2025,5,66,FB,PitcherA
1,96.24750519,52,6/25/2025,6,21,FB,PitcherB
1,95.3082962,53,6/25/2025,6,21,SI,PitcherB
2,97.87051392,54,6/25/2025,6,21,FB,PitcherB
1,96.48104095,54,6/25/2025,6,21,FB,PitcherB
4,96.39689636,55,6/25/2025,6,21,FB,PitcherB
5,95.06507874,55,6/25/2025,6,21,FB,PitcherB
1,95.11821747,60,6/25/2025,7,21,SI,PitcherB
1,96.31879425,61,6/25/2025,7,21,FB,PitcherB
3,95.01911926,62,6/25/2025,7,21,SI,PitcherB
2,96.50069427,62,6/25/2025,7,21,FB,PitcherB
1,94.31184387,39,6/29/2025,5,30,SI,PitcherB
4,97.59489441,39,6/29/2025,5,30,FB,PitcherB
2,96.38859558,40,6/29/2025,5,30,FB,PitcherB
3,97.54302979,40,6/29/2025,5,30,FB,PitcherB
1,95.14965057,41,6/29/2025,5,30,SI,PitcherB
4,95.73609924,41,6/29/2025,5,30,FB,PitcherB
3,96.06725311,41,6/29/2025,5,30,FB,PitcherB
6,96.88747406,41,6/29/2025,5,30,FB,PitcherB
5,95.3634491,41,6/29/2025,5,30,SI,PitcherB
4,95.92914581,48,6/29/2025,6,30,FB,PitcherB
1,92.6652832,48,6/29/2025,6,30,SI,PitcherB
2,94.62325287,49,6/29/2025,6,30,FB,PitcherB
2,96.46816254,50,6/29/2025,6,30,FB,PitcherB
1,93.21385956,50,6/29/2025,6,30,SI,PitcherB
4,95.48191071,51,6/29/2025,6,30,FB,PitcherB
5,96.33271027,51,6/29/2025,6,30,FB,PitcherB
1,91.934021,5,6/29/2025,1,65,FB,PitcherA
1,93.1634903,6,6/29/2025,1,65,FB,PitcherA
4,92.46653748,7,6/29/2025,1,65,FB,PitcherA
1,93.41979218,7,6/29/2025,1,65,FB,PitcherA
1,92.05535889,13,6/29/2025,2,65,FB,PitcherA
1,93.14723206,14,6/29/2025,2,65,FB,PitcherA
1,92.60466766,15,6/29/2025,2,65,FB,PitcherA
4,91.8538208,15,6/29/2025,2,65,FB,PitcherA
2,91.69762421,16,6/29/2025,2,65,FB,PitcherA
5,91.31304932,17,6/29/2025,2,65,FB,PitcherA
3,91.97650909,25,6/29/2025,3,65,FB,PitcherA
5,93.38761902,25,6/29/2025,3,65,FB,PitcherA
1,91.94321442,25,6/29/2025,3,65,FB,PitcherA
4,92.96216583,27,6/29/2025,3,65,FB,PitcherA
1,92.70418549,33,6/29/2025,4,65,FB,PitcherA
4,93.05063629,33,6/29/2025,4,65,FB,PitcherA
3,93.51502991,33,6/29/2025,4,65,FB,PitcherA
3,92.82608795,34,6/29/2025,4,65,FB,PitcherA
5,92.32941437,35,6/29/2025,4,65,FB,PitcherA
3,90.97338104,35,6/29/2025,4,65,FB,PitcherA
1,91.84545898,35,6/29/2025,4,65,FB,PitcherA
7,90.93354034,36,6/29/2025,4,65,FB,PitcherA
5,91.96347809,36,6/29/2025,4,65,FB,PitcherA
2,92.06879425,36,6/29/2025,4,65,FB,PitcherA
6,91.63516235,36,6/29/2025,4,65,FB,PitcherA
3,96.89758301,45,7/3/2025,6,42,FB,PitcherB
2,96.82622528,45,7/3/2025,6,42,FB,PitcherB
1,95.96046448,45,7/3/2025,6,42,FB,PitcherB
4,97.88358307,45,7/3/2025,6,42,FB,PitcherB
1,95.87410736,46,7/3/2025,6,42,SI,PitcherB
2,96.63333893,46,7/3/2025,6,42,FB,PitcherB
2,97.56478882,47,7/3/2025,6,42,FB,PitcherB
1,97.11890411,47,7/3/2025,6,42,FB,PitcherB
4,97.01113892,47,7/3/2025,6,42,FB,PitcherB
1,95.60884857,52,7/3/2025,7,42,FB,PitcherB
4,96.19373322,52,7/3/2025,7,42,FB,PitcherB
5,97.3571167,53,7/3/2025,7,42,FB,PitcherB
2,95.8513031,53,7/3/2025,7,42,FB,PitcherB
6,96.32369232,53,7/3/2025,7,42,FB,PitcherB
4,97.30289459,53,7/3/2025,7,42,FB,PitcherB
1,96.51065063,53,7/3/2025,7,42,FB,PitcherB
1,97.94889069,54,7/3/2025,7,42,FB,PitcherB
2,98.25839233,54,7/3/2025,7,42,FB,PitcherB
5,97.73608398,54,7/3/2025,7,42,FB,PitcherB
4,97.31850433,54,7/3/2025,7,42,FB,PitcherB
2,97.2964325,56,7/3/2025,7,42,FB,PitcherB
1,96.57827759,56,7/3/2025,7,42,FB,PitcherB
1,95.91404724,57,7/3/2025,7,42,SI,PitcherB
2,92.84389496,5,7/5/2025,1,73,FB,PitcherA
1,92.51000214,5,7/5/2025,1,73,FB,PitcherA
2,93.93447113,6,7/5/2025,1,73,FB,PitcherA
2,92.97248077,7,7/5/2025,1,73,FB,PitcherA
2,91.63123322,8,7/5/2025,1,73,FB,PitcherA
1,92.56554413,8,7/5/2025,1,73,FB,PitcherA
2,92.8326416,13,7/5/2025,2,73,FB,PitcherA
3,92.97724915,13,7/5/2025,2,73,FB,PitcherA
1,93.98905182,14,7/5/2025,2,73,FB,PitcherA
1,93.02185059,15,7/5/2025,2,73,FB,PitcherA
2,94.79400635,15,7/5/2025,2,73,FB,PitcherA
2,92.22027588,21,7/5/2025,3,73,FB,PitcherA
4,93.18263245,21,7/5/2025,3,73,FB,PitcherA
5,92.74565887,21,7/5/2025,3,73,FB,PitcherA
1,91.79071045,22,7/5/2025,3,73,FB,PitcherA
2,92.00062561,22,7/5/2025,3,73,FB,PitcherA
3,91.98638916,23,7/5/2025,3,73,FB,PitcherA
1,91.61940002,23,7/5/2025,3,73,FB,PitcherA
2,91.41918945,24,7/5/2025,3,73,FB,PitcherA
1,92.5579834,29,7/5/2025,4,73,FB,PitcherA
3,92.6816864,29,7/5/2025,4,73,FB,PitcherA
4,92.72725677,29,7/5/2025,4,73,FB,PitcherA
1,92.04191589,30,7/5/2025,4,73,FB,PitcherA
4,91.75366211,32,7/5/2025,4,73,FB,PitcherA
5,90.82525635,32,7/5/2025,4,73,FB,PitcherA
3,91.91200256,32,7/5/2025,4,73,FB,PitcherA
1,92.07073975,32,7/5/2025,4,73,FB,PitcherA
3,91.99253845,33,7/5/2025,4,73,FB,PitcherA
4,91.55072021,33,7/5/2025,4,73,FB,PitcherA
1,91.43928528,34,7/5/2025,4,73,FB,PitcherA
4,91.96339417,34,7/5/2025,4,73,FB,PitcherA
2,91.97249603,34,7/5/2025,4,73,FB,PitcherA
1,92.26793671,38,7/5/2025,5,73,FB,PitcherA
2,90.80330658,38,7/5/2025,5,73,FB,PitcherA
1,91.12760925,39,7/5/2025,5,73,FB,PitcherA
3,90.25084686,39,7/5/2025,5,73,FB,PitcherA
4,91.67626953,40,7/5/2025,5,73,FB,PitcherA
1,91.78279114,40,7/5/2025,5,73,FB,PitcherA
2,91.54120636,41,7/5/2025,5,73,FB,PitcherA
1,91.69327545,42,7/5/2025,5,73,FB,PitcherA
1,95.56446838,60,7/6/2025,7,22,FB,PitcherB
3,95.15730286,67,7/6/2025,8,22,FB,PitcherB
5,94.39072418,67,7/6/2025,8,22,FB,PitcherB
2,96.47098541,68,7/6/2025,8,22,FB,PitcherB
1,96.08241272,68,7/6/2025,8,22,FB,PitcherB
3,96.65162659,69,7/6/2025,8,22,FB,PitcherB
4,96.22059631,70,7/6/2025,8,22,FB,PitcherB
1,94.98836517,63,7/10/2025,8,8,SI,PitcherB
3,96.41311646,65,7/10/2025,8,8,FB,PitcherB
7,93.79181671,1,7/11/2025,1,75,FB,PitcherA
1,93.84294891,1,7/11/2025,1,75,FB,PitcherA
6,93.70490265,1,7/11/2025,1,75,FB,PitcherA
2,94.61493683,1,7/11/2025,1,75,FB,PitcherA
1,93.56478119,2,7/11/2025,1,75,FB,PitcherA
4,92.48851013,2,7/11/2025,1,75,FB,PitcherA
2,93.40132904,3,7/11/2025,1,75,FB,PitcherA
1,93.73320007,3,7/11/2025,1,75,FB,PitcherA
3,94.43842316,3,7/11/2025,1,75,FB,PitcherA
1,91.37153625,14,7/11/2025,2,75,FB,PitcherA
3,92.34481049,14,7/11/2025,2,75,FB,PitcherA
1,93.13064575,15,7/11/2025,2,75,FB,PitcherA
1,91.80657959,16,7/11/2025,2,75,FB,PitcherA
1,92.32487488,23,7/11/2025,3,75,FB,PitcherA
2,92.82797241,23,7/11/2025,3,75,FB,PitcherA
5,92.55304718,23,7/11/2025,3,75,FB,PitcherA
1,93.05284882,24,7/11/2025,3,75,FB,PitcherA
1,91.977005,30,7/11/2025,4,75,FB,PitcherA
1,93.57964325,32,7/11/2025,4,75,FB,PitcherA
3,93.42441559,32,7/11/2025,4,75,FB,PitcherA
1,90.37165833,41,7/11/2025,5,75,FB,PitcherA
4,91.9202652,42,7/11/2025,5,75,FB,PitcherA
1,91.2930069,43,7/11/2025,5,75,FB,PitcherA
3,90.70458221,44,7/11/2025,5,75,FB,PitcherA
2,90.72638702,44,7/11/2025,5,75,FB,PitcherA
3,91.56406403,50,7/11/2025,6,75,FB,PitcherA
1,89.84007263,51,7/11/2025,6,75,FB,PitcherA
1,90.56442261,52,7/11/2025,6,75,FB,PitcherA
5,91.55806732,53,7/11/2025,6,75,FB,PitcherA
2,91.53916931,53,7/11/2025,6,75,FB,PitcherA
3,91.31993103,53,7/11/2025,6,75,FB,PitcherA
2,92.03962708,54,7/11/2025,6,75,FB,PitcherA
2,93.9712677,55,7/19/2025,7,25,SI,PitcherB
6,97.28249359,56,7/19/2025,7,25,FB,PitcherB
2,96.57904816,56,7/19/2025,7,25,FB,PitcherB
1,95.13968658,60,7/19/2025,8,25,SI,PitcherB
3,94.92835999,60,7/19/2025,8,25,SI,PitcherB
4,95.80497742,61,7/19/2025,8,25,FB,PitcherB
5,97.46576691,62,7/19/2025,8,25,SI,PitcherB
3,95.59415436,62,7/19/2025,8,25,FB,PitcherB
6,97.65058899,62,7/19/2025,8,25,FB,PitcherB
1,95.03920746,62,7/19/2025,8,25,FB,PitcherB
1,92.88347626,48,7/19/2025,5,43,FB,PitcherA
1,92.15910339,49,7/19/2025,5,43,FB,PitcherA
2,91.72442627,50,7/19/2025,5,43,FB,PitcherA
3,92.46350098,50,7/19/2025,5,43,FB,PitcherA
1,92.54052734,51,7/19/2025,5,43,FB,PitcherA
1,92.58744812,58,7/19/2025,6,43,FB,PitcherA
2,92.44995117,60,7/19/2025,6,43,FB,PitcherA
1,90.60530853,60,7/19/2025,6,43,FB,PitcherA
2,91.39250946,65,7/19/2025,7,43,FB,PitcherA
6,92.22992706,65,7/19/2025,7,43,FB,PitcherA
1,91.40454102,65,7/19/2025,7,43,FB,PitcherA
2,90.92054749,66,7/19/2025,7,43,FB,PitcherA
3,90.25206757,66,7/19/2025,7,43,FB,PitcherA
2,90.69979858,67,7/19/2025,7,43,FB,PitcherA
1,91.13646698,68,7/19/2025,7,43,FB,PitcherA
3,91.03859711,69,7/19/2025,7,43,FB,PitcherA
1,90.61126709,76,7/19/2025,8,43,FB,PitcherA
1,91.58763885,77,7/19/2025,8,43,FB,PitcherA
1,94.50157928,42,7/22/2025,5,7,SI,PitcherB
1,97.35046387,43,7/22/2025,5,7,FB,PitcherB
1,96.92182159,44,7/22/2025,5,7,FB,PitcherB
2,96.4977417,48,7/24/2025,6,28,FB,PitcherB
3,96.13902283,49,7/24/2025,6,28,FB,PitcherB
6,95.3430481,49,7/24/2025,6,28,FB,PitcherB
1,95.91107941,49,7/24/2025,6,28,FB,PitcherB
7,96.33482361,49,7/24/2025,6,28,FB,PitcherB
1,95.97127533,50,7/24/2025,6,28,FB,PitcherB
1,95.59451294,51,7/24/2025,6,28,FB,PitcherB
4,96.43330383,57,7/24/2025,7,28,FB,PitcherB
1,95.40106201,57,7/24/2025,7,28,FB,PitcherB
3,95.60494995,57,7/24/2025,7,28,FB,PitcherB
4,96.60575104,58,7/24/2025,7,28,FB,PitcherB
1,95.308815,58,7/24/2025,7,28,FB,PitcherB
2,95.01398468,58,7/24/2025,7,28,FB,PitcherB
4,96.65603638,59,7/24/2025,7,28,FB,PitcherB
1,91.76062775,1,7/25/2025,1,74,FB,PitcherA
2,91.83229065,2,7/25/2025,1,74,FB,PitcherA
1,91.49344635,2,7/25/2025,1,74,FB,PitcherA
3,91.87252045,2,7/25/2025,1,74,FB,PitcherA
3,91.95786285,3,7/25/2025,1,74,FB,PitcherA
1,91.26513672,4,7/25/2025,1,74,FB,PitcherA
1,91.54280853,12,7/25/2025,2,74,FB,PitcherA
2,91.21871948,13,7/25/2025,2,74,FB,PitcherA
2,91.58026123,14,7/25/2025,2,74,FB,PitcherA
5,92.26126099,14,7/25/2025,2,74,FB,PitcherA
2,91.65591431,15,7/25/2025,2,74,FB,PitcherA
4,90.72255707,16,7/25/2025,2,74,FB,PitcherA
5,91.10869598,16,7/25/2025,2,74,FB,PitcherA
2,91.49774933,16,7/25/2025,2,74,FB,PitcherA
1,92.22315216,22,7/25/2025,3,74,FB,PitcherA
2,91.465065,22,7/25/2025,3,74,FB,PitcherA
3,90.47449493,23,7/25/2025,3,74,FB,PitcherA
1,90.74098969,23,7/25/2025,3,74,FB,PitcherA
5,91.98934937,23,7/25/2025,3,74,FB,PitcherA
5,91.97879791,24,7/25/2025,3,74,FB,PitcherA
2,91.74434662,24,7/25/2025,3,74,FB,PitcherA
2,90.0998764,25,7/25/2025,3,74,FB,PitcherA
1,91.25940704,29,7/25/2025,4,74,FB,PitcherA
3,91.14556122,30,7/25/2025,4,74,FB,PitcherA
2,90.00502014,31,7/25/2025,4,74,FB,PitcherA
1,91.16699982,41,7/25/2025,5,74,FB,PitcherA
4,90.73100281,42,7/25/2025,5,74,FB,PitcherA
3,90.80715179,42,7/25/2025,5,74,FB,PitcherA
5,91.59533691,42,7/25/2025,5,74,FB,PitcherA
2,89.86271667,42,7/25/2025,5,74,FB,PitcherA
3,89.05264282,43,7/25/2025,5,74,FB,PitcherA
5,89.43196869,43,7/25/2025,5,74,FB,PitcherA
2,91.01777649,43,7/25/2025,5,74,FB,PitcherA
4,88.95597839,43,7/25/2025,5,74,FB,PitcherA
2,90.36675262,44,7/25/2025,5,74,FB,PitcherA
6,89.99430084,44,7/25/2025,5,74,FB,PitcherA
3,89.33868408,44,7/25/2025,5,74,FB,PitcherA
1,94.02819824,62,7/27/2025,7,18,SI,PitcherB
5,94.2127533,63,7/27/2025,7,18,SI,PitcherB
2,93.86607361,63,7/27/2025,7,18,SI,PitcherB
4,94.12763214,63,7/27/2025,7,18,FB,PitcherB
1,95.50045776,64,7/27/2025,7,18,FB,PitcherB
3,95.05974579,64,7/27/2025,7,18,FB,PitcherB
5,96.12937164,64,7/27/2025,7,18,FB,PitcherB
6,96.00170898,64,7/27/2025,7,18,FB,PitcherB
1,95.99777222,65,7/27/2025,7,18,SI,PitcherB
1,94.90692902,61,7/30/2025,8,15,FB,PitcherB
3,95.13223267,62,7/30/2025,8,15,FB,PitcherB
4,95.20567322,62,7/30/2025,8,15,FB,PitcherB
2,94.18099213,62,7/30/2025,8,15,FB,PitcherB
2,91.7326889,63,7/30/2025,8,15,SI,PitcherB
5,94.42542267,63,7/30/2025,8,15,SI,PitcherB
5,92.65454865,5,7/31/2025,1,84,FB,PitcherA
2,92.20670319,5,7/31/2025,1,84,FB,PitcherA
3,93.43805695,5,7/31/2025,1,84,FB,PitcherA
6,93.19283295,5,7/31/2025,1,84,FB,PitcherA
1,91.03072357,5,7/31/2025,1,84,FB,PitcherA
2,92.6467514,6,7/31/2025,1,84,FB,PitcherA
2,92.48508453,7,7/31/2025,1,84,FB,PitcherA
1,91.68373108,15,7/31/2025,2,84,FB,PitcherA
3,91.31031036,15,7/31/2025,2,84,FB,PitcherA
3,91.48669434,16,7/31/2025,2,84,FB,PitcherA
6,91.77754974,16,7/31/2025,2,84,FB,PitcherA
2,91.65733337,16,7/31/2025,2,84,FB,PitcherA
1,92.43935394,17,7/31/2025,2,84,FB,PitcherA
3,91.2840271,18,7/31/2025,2,84,FB,PitcherA
3,92.93466187,22,7/31/2025,3,84,FB,PitcherA
2,92.01899719,22,7/31/2025,3,84,FB,PitcherA
1,92.71058655,23,7/31/2025,3,84,FB,PitcherA
2,91.5739975,24,7/31/2025,3,84,FB,PitcherA
4,92.99121094,24,7/31/2025,3,84,FB,PitcherA
6,91.49486542,24,7/31/2025,3,84,FB,PitcherA
2,92.12783051,25,7/31/2025,3,84,FB,PitcherA
5,91.73538208,25,7/31/2025,3,84,FB,PitcherA
1,92.16445923,31,7/31/2025,4,84,FB,PitcherA
3,91.24391174,32,7/31/2025,4,84,FB,PitcherA
1,92.32443237,32,7/31/2025,4,84,FB,PitcherA
5,90.90393829,32,7/31/2025,4,84,FB,PitcherA
4,91.71575928,35,7/31/2025,4,84,FB,PitcherA
2,91.10430908,38,7/31/2025,4,84,FB,PitcherA
1,89.50341034,46,7/31/2025,5,84,FB,PitcherA
2,91.13908386,47,7/31/2025,5,84,FB,PitcherA
4,90.94043732,48,7/31/2025,5,84,FB,PitcherA
6,89.94732666,48,7/31/2025,5,84,FB,PitcherA
6,91.31459808,49,7/31/2025,5,84,FB,PitcherA
5,90.23993683,49,7/31/2025,5,84,FB,PitcherA
1,95.77143097,40,8/3/2025,6,12,SI,PitcherB
4,95.21408844,40,8/3/2025,6,12,FB,PitcherB
2,94.3115387,40,8/3/2025,6,12,SI,PitcherB
1,95.35043335,41,8/3/2025,6,12,FB,PitcherB
2,95.66454315,42,8/3/2025,6,12,FB,PitcherB
2,92.49279785,1,8/6/2025,1,60,FB,PitcherA
1,92.98745728,1,8/6/2025,1,60,FB,PitcherA
2,93.09850311,2,8/6/2025,1,60,FB,PitcherA
1,92.26131439,2,8/6/2025,1,60,FB,PitcherA
1,92.95870972,3,8/6/2025,1,60,FB,PitcherA
3,92.01462555,4,8/6/2025,1,60,FB,PitcherA
2,91.69715118,4,8/6/2025,1,60,FB,PitcherA
2,91.67706299,9,8/6/2025,2,60,FB,PitcherA
1,93.33013916,10,8/6/2025,2,60,FB,PitcherA
3,92.46250916,11,8/6/2025,2,60,FB,PitcherA
2,92.22533417,11,8/6/2025,2,60,FB,PitcherA
1,92.15489197,11,8/6/2025,2,60,FB,PitcherA
1,91.657341,16,8/6/2025,3,60,FB,PitcherA
4,92.08131409,16,8/6/2025,3,60,FB,PitcherA
3,91.71492004,16,8/6/2025,3,60,FB,PitcherA
2,91.82764435,16,8/6/2025,3,60,FB,PitcherA
3,92.11048889,18,8/6/2025,3,60,FB,PitcherA
1,90.98716736,19,8/6/2025,3,60,FB,PitcherA
1,91.69982147,24,8/6/2025,4,60,FB,PitcherA
4,92.32822418,24,8/6/2025,4,60,FB,PitcherA
1,92.3578186,25,8/6/2025,4,60,FB,PitcherA
6,90.1634903,27,8/6/2025,4,60,FB,PitcherA
1,90.55723572,27,8/6/2025,4,60,FB,PitcherA
4,90.46826935,27,8/6/2025,4,60,FB,PitcherA
1,90.42765808,32,8/6/2025,5,60,FB,PitcherA
5,92.3350296,32,8/6/2025,5,60,FB,PitcherA
2,91.12696075,32,8/6/2025,5,60,FB,PitcherA
2,91.98233795,33,8/6/2025,5,60,FB,PitcherA
2,92.30295563,34,8/6/2025,5,60,FB,PitcherA
3,92.64131165,34,8/6/2025,5,60,FB,PitcherA
3,95.00632477,39,8/7/2025,5,6,SI,PitcherB
5,95.8688736,39,8/7/2025,5,6,FB,PitcherB
2,93.50395203,39,8/7/2025,5,6,SI,PitcherB
4,97.33672333,39,8/9/2025,4,20,FB,PitcherB
2,94.00171661,39,8/9/2025,4,20,FB,PitcherB
1,94.73111725,46,8/9/2025,5,20,SI,PitcherB
5,96.70469666,47,8/9/2025,5,20,FB,PitcherB
3,96.5118866,47,8/9/2025,5,20,FB,PitcherB
2,96.13685608,48,8/9/2025,5,20,SI,PitcherB
2,96.26125336,49,8/9/2025,5,20,SI,PitcherB
5,95.72343445,49,8/9/2025,5,20,SI,PitcherB
1,94.98101044,49,8/9/2025,5,20,SI,PitcherB
1,92.82830048,6,8/12/2025,1,66,FB,PitcherA
4,91.84384155,8,8/12/2025,1,66,FB,PitcherA
2,93.3548584,8,8/12/2025,1,66,FB,PitcherA
3,92.39646149,8,8/12/2025,1,66,FB,PitcherA
6,92.94613647,8,8/12/2025,1,66,FB,PitcherA
4,91.168396,9,8/12/2025,1,66,FB,PitcherA
2,91.86377716,9,8/12/2025,1,66,FB,PitcherA
2,91.00733948,10,8/12/2025,1,66,FB,PitcherA
1,90.92441559,18,8/12/2025,2,66,FB,PitcherA
3,90.28836823,19,8/12/2025,2,66,FB,PitcherA
2,90.41965485,19,8/12/2025,2,66,FB,PitcherA
1,90.46755981,20,8/12/2025,2,66,FB,PitcherA
4,90.09676361,20,8/12/2025,2,66,FB,PitcherA
3,90.47433472,21,8/12/2025,2,66,FB,PitcherA
2,90.40393829,21,8/12/2025,2,66,FB,PitcherA
4,89.51337433,21,8/12/2025,2,66,FB,PitcherA
1,91.20079041,22,8/12/2025,2,66,FB,PitcherA
3,91.46052551,23,8/12/2025,2,66,FB,PitcherA
6,89.69721222,23,8/12/2025,2,66,FB,PitcherA
1,90.88287354,23,8/12/2025,2,66,FB,PitcherA
1,90.56620026,24,8/12/2025,2,66,FB,PitcherA
2,89.7709198,32,8/12/2025,3,66,FB,PitcherA
4,90.90629578,32,8/12/2025,3,66,FB,PitcherA
1,90.05134583,32,8/12/2025,3,66,FB,PitcherA
2,90.86121368,33,8/12/2025,3,66,FB,PitcherA
4,89.45442963,34,8/12/2025,3,66,FB,PitcherA
6,89.23083496,34,8/12/2025,3,66,FB,PitcherA
2,90.07188416,34,8/12/2025,3,66,FB,PitcherA
3,90.15638733,35,8/12/2025,3,66,FB,PitcherA
2,90.54418945,35,8/12/2025,3,66,FB,PitcherA
4,90.89183044,36,8/12/2025,3,66,FB,PitcherA
3,95.9272995,50,8/13/2025,7,23,FB,PitcherB
2,94.87769318,56,8/13/2025,8,23,SI,PitcherB
1,94.65932465,57,8/13/2025,8,23,SI,PitcherB
2,95.88788605,58,8/13/2025,8,23,FB,PitcherB
3,95.47283936,59,8/13/2025,8,23,FB,PitcherB
1,96.19381714,59,8/13/2025,8,23,FB,PitcherB
3,96.51818085,60,8/13/2025,8,23,FB,PitcherB
4,96.22622681,60,8/13/2025,8,23,FB,PitcherB
1,96.55699921,60,8/13/2025,8,23,FB,PitcherB
2,95.66411591,61,8/13/2025,8,23,SI,PitcherB
3,94.87200928,61,8/13/2025,8,23,SI,PitcherB
3,93.33977509,60,8/14/2025,8,8,SI,PitcherB
1,94.8237381,61,8/14/2025,8,8,FB,PitcherB
4,95.38391113,61,8/17/2025,8,25,FB,PitcherB
1,94.37693024,61,8/17/2025,8,25,FB,PitcherB
2,92.62621307,62,8/17/2025,8,25,SI,PitcherB
7,95.12207794,63,8/17/2025,8,25,FB,PitcherB
1,95.97434235,63,8/17/2025,8,25,FB,PitcherB
3,94.16551971,63,8/17/2025,8,25,FB,PitcherB
1,94.50847626,64,8/17/2025,8,25,FB,PitcherB
3,92.87786102,65,8/17/2025,8,25,FB,PitcherB
1,92.81327057,4,8/20/2025,1,47,FB,PitcherA
2,92.39517212,4,8/20/2025,1,47,FB,PitcherA
2,92.09273529,6,8/20/2025,1,47,FB,PitcherA
1,92.3130722,6,8/20/2025,1,47,FB,PitcherA
5,92.37507629,7,8/20/2025,1,47,FB,PitcherA
3,92.66764832,7,8/20/2025,1,47,FB,PitcherA
1,92.15353394,8,8/20/2025,1,47,FB,PitcherA
3,92.37223053,9,8/20/2025,1,47,FB,PitcherA
2,92.16112518,10,8/20/2025,1,47,FB,PitcherA
3,91.54953003,17,8/20/2025,2,47,FB,PitcherA
3,91.4018631,18,8/20/2025,2,47,FB,PitcherA
1,92.21220398,18,8/20/2025,2,47,FB,PitcherA
5,91.68440247,19,8/20/2025,2,47,FB,PitcherA
4,91.68214417,19,8/20/2025,2,47,FB,PitcherA
3,91.77494812,19,8/20/2025,2,47,FB,PitcherA
1,90.72478485,20,8/20/2025,2,47,FB,PitcherA
5,90.67871857,20,8/20/2025,2,47,FB,PitcherA
2,90.51032257,20,8/20/2025,2,47,FB,PitcherA
2,91.18211365,25,8/20/2025,3,47,FB,PitcherA
1,90.86663055,26,8/20/2025,3,47,FB,PitcherA
1,92.14333344,27,8/20/2025,3,47,FB,PitcherA
3,90.42123413,28,8/20/2025,3,47,FB,PitcherA
4,93.07345581,86,8/24/2025,9,20,FB,PitcherB
1,92.6195755,86,8/24/2025,9,20,SI,PitcherB
5,92.77735901,87,8/24/2025,9,20,FB,PitcherB
2,93.23793793,87,8/24/2025,9,20,SI,PitcherB
2,93.76799774,88,8/24/2025,9,20,SI,PitcherB
3,92.51599121,88,8/24/2025,9,20,SI,PitcherB
1,93.37561798,88,8/24/2025,9,20,SI,PitcherB
5,93.81240845,88,8/24/2025,9,20,FB,PitcherB
4,93.67861176,89,8/24/2025,9,20,FB,PitcherB
5,94.3895874,70,8/27/2025,9,9,FB,PitcherB
2,92.80072021,70,8/27/2025,9,9,SI,PitcherB
3,92.76512909,70,8/27/2025,9,9,SI,PitcherB
1,94.7013092,71,8/27/2025,9,9,FB,PitcherB
2,94.69689178,71,8/27/2025,9,9,FB,PitcherB
1,93.14735413,5,8/28/2025,1,59,FB,PitcherA
3,93.33114624,5,8/28/2025,1,59,FB,PitcherA
2,92.60668182,6,8/28/2025,1,59,FB,PitcherA
2,93.00695038,7,8/28/2025,1,59,FB,PitcherA
4,92.38278198,7,8/28/2025,1,59,FB,PitcherA
2,91.88334656,12,8/28/2025,2,59,FB,PitcherA
3,92.98777771,13,8/28/2025,2,59,FB,PitcherA
6,91.59920502,13,8/28/2025,2,59,FB,PitcherA
9,92.12228394,13,8/28/2025,2,59,FB,PitcherA
10,91.76116943,13,8/28/2025,2,59,FB,PitcherA
1,92.78874207,13,8/28/2025,2,59,FB,PitcherA
2,92.29907227,14,8/28/2025,2,59,FB,PitcherA
3,92.62948608,14,8/28/2025,2,59,FB,PitcherA
1,93.19624329,15,8/28/2025,2,59,FB,PitcherA
2,91.87037659,15,8/28/2025,2,59,FB,PitcherA
2,91.55741119,23,8/28/2025,3,59,FB,PitcherA
2,91.9892807,24,8/28/2025,3,59,FB,PitcherA
3,91.23577881,25,8/28/2025,3,59,FB,PitcherA
2,91.86247253,25,8/28/2025,3,59,FB,PitcherA
2,91.47988892,26,8/28/2025,3,59,FB,PitcherA
1,91.55383301,27,8/28/2025,3,59,FB,PitcherA
3,90.82810974,27,8/28/2025,3,59,FB,PitcherA
3,91.76528931,32,8/28/2025,4,59,FB,PitcherA
2,91.18090057,32,8/28/2025,4,59,FB,PitcherA
1,92.01435852,33,8/28/2025,4,59,FB,PitcherA
3,91.95388794,33,8/28/2025,4,59,FB,PitcherA
2,91.79503632,34,8/28/2025,4,59,FB,PitcherA
1,93.1360321,18,8/30/2025,3,38,SI,PitcherB
1,95.28946686,19,8/30/2025,3,38,FB,PitcherB
3,93.97146606,19,8/30/2025,3,38,SI,PitcherB
2,95.58641815,20,8/30/2025,3,38,FB,PitcherB
5,94.84394836,20,8/30/2025,3,38,FB,PitcherB
3,94.25310516,20,8/30/2025,3,38,FB,PitcherB
1,95.41026306,21,8/30/2025,3,38,FB,PitcherB
2,94.64102173,21,8/30/2025,3,38,FB,PitcherB
4,94.99784851,26,8/30/2025,4,38,FB,PitcherB
6,94.94718933,26,8/30/2025,4,38,FB,PitcherB
1,94.41485596,26,8/30/2025,4,38,FB,PitcherB
5,93.29333496,26,8/30/2025,4,38,SI,PitcherB
2,93.83610535,26,8/30/2025,4,38,FB,PitcherB
8,95.27719879,26,8/30/2025,4,38,SI,PitcherB
3,94.12599945,27,8/30/2025,4,38,SI,PitcherB
1,94.42884064,27,8/30/2025,4,38,FB,PitcherB
4,94.10583496,28,8/30/2025,4,38,SI,PitcherB
2,93.48323822,28,8/30/2025,4,38,FB,PitcherB
1,94.15161133,28,8/30/2025,4,38,SI,PitcherB
3,94.39547729,29,8/30/2025,4,38,FB,PitcherB
6,95.11613464,29,8/30/2025,4,38,FB,PitcherB
4,94.75035095,29,8/30/2025,4,38,FB,PitcherB
1,93.72498322,29,8/30/2025,4,38,FB,PitcherB
2,94.32199097,29,8/30/2025,4,38,SI,PitcherB
1,92.01041412,7,9/3/2025,1,59,FB,PitcherA
4,92.53387451,7,9/3/2025,1,59,FB,PitcherA
2,91.70489502,9,9/3/2025,1,59,FB,PitcherA
3,92.20767212,10,9/3/2025,1,59,FB,PitcherA
2,91.85982513,14,9/3/2025,2,59,FB,PitcherA
1,92.68744659,14,9/3/2025,2,59,FB,PitcherA
3,92.20114136,15,9/3/2025,2,59,FB,PitcherA
1,92.12085724,16,9/3/2025,2,59,FB,PitcherA
4,93.02693939,16,9/3/2025,2,59,FB,PitcherA
2,92.80862427,16,9/3/2025,2,59,FB,PitcherA
1,91.49271393,23,9/3/2025,3,59,FB,PitcherA
4,91.49642944,23,9/3/2025,3,59,FB,PitcherA
5,91.7557373,24,9/3/2025,3,59,FB,PitcherA
4,91.90618134,24,9/3/2025,3,59,FB,PitcherA
6,92.0018158,24,9/3/2025,3,59,FB,PitcherA
3,91.08236694,24,9/3/2025,3,59,FB,PitcherA
4,91.80716705,25,9/3/2025,3,59,FB,PitcherA
2,90.0526123,27,9/3/2025,3,59,FB,PitcherA
4,91.94579315,28,9/3/2025,3,59,FB,PitcherA
6,92.94260406,28,9/3/2025,3,59,FB,PitcherA
2,92.61664581,28,9/3/2025,3,59,FB,PitcherA
3,91.14924622,38,9/3/2025,4,59,FB,PitcherA
2,91.76060486,38,9/3/2025,4,59,FB,PitcherA
3,91.81317902,39,9/3/2025,4,59,FB,PitcherA
5,91.83148193,39,9/3/2025,4,59,FB,PitcherA
2,92.43678284,39,9/3/2025,4,59,FB,PitcherA
1,92.16654205,39,9/3/2025,4,59,FB,PitcherA
4,91.16532135,39,9/3/2025,4,59,FB,PitcherA
1,91.22189331,40,9/3/2025,4,59,FB,PitcherA
4,94.54227448,30,9/5/2025,4,40,SI,PitcherB
1,92.76554871,30,9/5/2025,4,40,FB,PitcherB
3,92.11292267,31,9/5/2025,4,40,SI,PitcherB
5,94.31395721,31,9/5/2025,4,40,SI,PitcherB
4,93.67192078,31,9/5/2025,4,40,SI,PitcherB
4,93.33119202,32,9/5/2025,4,40,SI,PitcherB
1,92.93814087,32,9/5/2025,4,40,SI,PitcherB
3,94.77139282,33,9/5/2025,4,40,SI,PitcherB
4,95.70214844,37,9/5/2025,5,40,FB,PitcherB
3,93.94026184,37,9/5/2025,5,40,SI,PitcherB
6,94.68026733,37,9/5/2025,5,40,SI,PitcherB
1,94.44657135,38,9/5/2025,5,40,SI,PitcherB
5,94.79518127,39,9/5/2025,5,40,FB,PitcherB
1,95.42644501,39,9/5/2025,5,40,SI,PitcherB
3,93.54787445,40,9/5/2025,5,40,SI,PitcherB
2,93.02615356,40,9/5/2025,5,40,SI,PitcherB
1,94.41972351,52,9/7/2025,6,17,FB,PitcherB
3,93.72622681,53,9/7/2025,6,17,FB,PitcherB
1,93.10141754,53,9/7/2025,6,17,SI,PitcherB
1,94.89311218,54,9/7/2025,6,17,FB,PitcherB
2,92.77960205,55,9/7/2025,6,17,SI,PitcherB
4,92.33480835,55,9/7/2025,6,17,FB,PitcherB
3,93.26283264,55,9/7/2025,6,17,SI,PitcherB
1,94.60640717,58,9/11/2025,7,19,SI,PitcherB
5,95.16764069,59,9/11/2025,7,19,FB,PitcherB
1,92.67908478,59,9/11/2025,7,19,FB,PitcherB
3,94.56952667,59,9/11/2025,7,19,FB,PitcherB
1,95.76261139,60,9/11/2025,7,19,FB,PitcherB
4,93.63886261,60,9/11/2025,7,19,FB,PitcherB
2,92.92552185,62,9/11/2025,7,19,SI,PitcherB
4,95.24066162,63,9/11/2025,7,19,FB,PitcherB
1,94.6203537,63,9/11/2025,7,19,FB,PitcherB
2,92.09880066,1,9/12/2025,1,73,FB,PitcherA
1,92.1942215,1,9/12/2025,1,73,FB,PitcherA
4,93.0007782,1,9/12/2025,1,73,FB,PitcherA
4,92.43634033,2,9/12/2025,1,73,FB,PitcherA
3,92.84125519,3,9/12/2025,1,73,FB,PitcherA
4,91.73527527,3,9/12/2025,1,73,FB,PitcherA
1,92.36981201,3,9/12/2025,1,73,FB,PitcherA
5,91.54166412,8,9/12/2025,2,73,FB,PitcherA
2,92.21795654,8,9/12/2025,2,73,FB,PitcherA
1,92.9630127,9,9/12/2025,2,73,FB,PitcherA
4,92.45780945,9,9/12/2025,2,73,FB,PitcherA
2,92.15008545,9,9/12/2025,2,73,FB,PitcherA
2,91.5451355,10,9/12/2025,2,73,FB,PitcherA
1,91.01804352,11,9/12/2025,2,73,FB,PitcherA
2,90.86943054,12,9/12/2025,2,73,FB,PitcherA
3,89.70926666,13,9/12/2025,2,73,FB,PitcherA
1,90.60690308,13,9/12/2025,2,73,FB,PitcherA
4,89.76036835,13,9/12/2025,2,73,FB,PitcherA
3,91.34888458,22,9/12/2025,3,73,FB,PitcherA
3,91.26168823,23,9/12/2025,3,73,FB,PitcherA
1,90.04369354,24,9/12/2025,3,73,FB,PitcherA
3,90.02050781,25,9/12/2025,3,73,FB,PitcherA
6,89.64827728,25,9/12/2025,3,73,FB,PitcherA
4,90.9664917,26,9/12/2025,3,73,FB,PitcherA
2,91.13285065,36,9/12/2025,4,73,FB,PitcherA
1,90.96985626,36,9/12/2025,4,73,FB,PitcherA
1,90.47174835,37,9/12/2025,4,73,FB,PitcherA
2,90.35431671,37,9/12/2025,4,73,FB,PitcherA
3,89.82514954,37,9/12/2025,4,73,FB,PitcherA
3,90.43727112,38,9/12/2025,4,73,FB,PitcherA
1,90.10726166,38,9/12/2025,4,73,FB,PitcherA
3,90.98152161,39,9/12/2025,4,73,FB,PitcherA
4,90.82221222,39,9/12/2025,4,73,FB,PitcherA
1,91.32511139,39,9/12/2025,4,73,FB,PitcherA
1,96.2121582,1,9/13/2025,1,27,FB,PitcherB
2,93.53377533,1,9/13/2025,1,27,SI,PitcherB
6,97.76639557,2,9/13/2025,1,27,FB,PitcherB
3,95.10482025,2,9/13/2025,1,27,FB,PitcherB
1,95.34893799,2,9/13/2025,1,27,FB,PitcherB
4,96.72785187,2,9/13/2025,1,27,FB,PitcherB
5,95.61875153,2,9/13/2025,1,27,FB,PitcherB
4,96.14308167,3,9/13/2025,1,27,SI,PitcherB
2,97.59994507,3,9/13/2025,1,27,FB,PitcherB
1,95.38526917,7,9/13/2025,2,27,SI,PitcherB
4,94.52531433,8,9/13/2025,2,27,SI,PitcherB
7,95.65675354,8,9/13/2025,2,27,SI,PitcherB
1,96.29921722,8,9/13/2025,2,27,FB,PitcherB
3,96.67305756,8,9/13/2025,2,27,FB,PitcherB
1,94.47006226,9,9/13/2025,2,27,SI,PitcherB
1,95.72015381,10,9/13/2025,2,27,FB,PitcherB
4,94.94029999,83,9/18/2025,9,24,FB,PitcherB
1,92.8542099,83,9/18/2025,9,24,FB,PitcherB
3,93.02688599,83,9/18/2025,9,24,FB,PitcherB
4,95.01965332,84,9/18/2025,9,24,FB,PitcherB
6,94.9822998,85,9/18/2025,9,24,FB,PitcherB
3,94.91407776,85,9/18/2025,9,24,SI,PitcherB
5,94.91007233,85,9/18/2025,9,24,FB,PitcherB
5,95.06601715,86,9/18/2025,9,24,FB,PitcherB
1,94.10463715,86,9/18/2025,9,24,SI,PitcherB
3,93.87024689,86,9/18/2025,9,24,FB,PitcherB
1,95.16402435,87,9/18/2025,9,24,FB,PitcherB
5,93.39213562,87,9/18/2025,9,24,SI,PitcherB
6,95.3155899,52,9/20/2025,6,26,FB,PitcherB
4,93.63423157,52,9/20/2025,6,26,SI,PitcherB
1,93.59555054,52,9/20/2025,6,26,FB,PitcherB
2,93.45783234,56,9/20/2025,7,26,SI,PitcherB
1,93.38180542,57,9/20/2025,7,26,SI,PitcherB
3,94.2895813,57,9/20/2025,7,26,FB,PitcherB
6,95.55599213,57,9/20/2025,7,26,FB,PitcherB
4,94.24836731,57,9/20/2025,7,26,FB,PitcherB
3,93.95705414,58,9/20/2025,7,26,FB,PitcherB
5,95.58235931,58,9/20/2025,7,26,FB,PitcherB
4,94.32572174,58,9/20/2025,7,26,SI,PitcherB
1,91.97782898,59,9/20/2025,7,26,SI,PitcherB
2,94.79180145,59,9/20/2025,7,26,FB,PitcherB
3,92.13005066,59,9/20/2025,7,26,SI,PitcherB
2,91.76514435,6,9/21/2025,1,46,FB,PitcherA
1,92.73700714,6,9/21/2025,1,46,FB,PitcherA
2,93.35752106,7,9/21/2025,1,46,FB,PitcherA
3,92.17047119,7,9/21/2025,1,46,FB,PitcherA
6,93.66305542,7,9/21/2025,1,46,FB,PitcherA
3,92.9185257,8,9/21/2025,1,46,FB,PitcherA
4,93.08820343,8,9/21/2025,1,46,FB,PitcherA
2,93.07081604,8,9/21/2025,1,46,FB,PitcherA
2,91.60910034,9,9/21/2025,1,46,FB,PitcherA
4,92.85848236,9,9/21/2025,1,46,FB,PitcherA
1,92.28266907,13,9/21/2025,2,46,FB,PitcherA
2,93.01866913,14,9/21/2025,2,46,FB,PitcherA
3,92.64294434,15,9/21/2025,2,46,FB,PitcherA
2,92.69446564,15,9/21/2025,2,46,FB,PitcherA
3,92.80640411,22,9/21/2025,3,46,FB,PitcherA
2,91.38005829,22,9/21/2025,3,46,FB,PitcherA
1,91.71592712,23,9/21/2025,3,46,FB,PitcherA
2,91.49235535,23,9/21/2025,3,46,FB,PitcherA
2,91.56785583,24,9/21/2025,3,46,FB,PitcherA
3,91.39614105,25,9/21/2025,3,46,FB,PitcherA
1,91.87314606,32,9/21/2025,4,46,FB,PitcherA
2,91.73008728,33,9/21/2025,4,46,FB,PitcherA
4,92.33670807,34,9/21/2025,4,46,FB,PitcherA
1,92.14919281,34,9/21/2025,4,46,FB,PitcherA
2,92.39372253,35,9/21/2025,4,46,FB,PitcherA
1,92.5478363,35,9/21/2025,4,46,FB,PitcherA
