id,name,swings_competitive,percent_swings_competitive,contact,avg_bat_speed,hard_swing_rate,squared_up_per_bat_contact,squared_up_per_swing,blast_per_bat_contact,blast_per_swing,swing_length,swords,batter_run_value,whiffs,whiff_per_swing,batted_ball_events,batted_ball_event_per_swing
519317,"Stanton, Giancarlo",715,0.913154534,485,81.22457561,0.986013986,0.298969072,0.202797203,0.27628866,0.187412587,8.564391343,14,0.272393691,230,0.321678322,252,0.352447552
665833,"Cruz, Oneil",876,0.9125,590,78.5642216,0.755707763,0.340677966,0.229452055,0.245762712,0.165525114,7.664186142,9,-9.782320195,286,0.326484018,304,0.347031963
678877,"Noel, Jhonkensy",348,0.896907216,242,77.99089491,0.770114943,0.202479339,0.140804598,0.136363636,0.094827586,7.739996868,1,-1.089793776,106,0.304597701,107,0.307471264
656941,"Schwarber, Kyle",959,0.904716981,687,77.51612434,0.779979145,0.324599709,0.232533889,0.229985444,0.164754953,7.710202054,35,-6.889154706,272,0.28362878,344,0.358706986
691023,"Walker, Jordan",264,0.901023891,188,77.30600845,0.71969697,0.287234043,0.204545455,0.191489362,0.136363636,8.152453447,9,-4.854962002,76,0.287878788,101,0.382575758
670242,"Wallner, Matt",415,0.904139434,266,77.2917794,0.734939759,0.240601504,0.154216867,0.184210526,0.118072289,7.325760193,15,1.344474397,149,0.359036145,114,0.274698795
691406,"Caminero, Junior",264,0.904109589,191,77.23612011,0.700757576,0.335078534,0.242424242,0.230366492,0.166666667,8.335880303,14,-3.695855575,73,0.276515152,120,0.454545455
592450,"Judge, Aaron",1010,0.91237579,721,77.14684954,0.747524752,0.338418863,0.241584158,0.257975035,0.184158416,8.178267574,14,52.21014842,289,0.286138614,343,0.33960396
666464,"Encarnacion, Jerar",213,0.898734177,161,76.97863502,0.685446009,0.304347826,0.230046948,0.248447205,0.187793427,7.811234695,6,0.535503638,52,0.244131455,77,0.361502347
660670,"Acuña Jr., Ronald",323,0.902234637,243,76.82582554,0.730650155,0.296296296,0.222910217,0.16872428,0.126934985,7.611816409,10,-7.601065539,80,0.247678019,108,0.334365325
666176,"Adell, Jo",797,0.904653802,578,76.67403305,0.658720201,0.250865052,0.181932246,0.152249135,0.110414053,7.555006148,20,-18.52181296,219,0.274780427,262,0.328732748
656305,"Chapman, Matt",990,0.904936015,757,76.5996406,0.641414141,0.281373844,0.215151515,0.184940555,0.141414141,7.451106121,21,-4.11011888,233,0.235353535,348,0.351515152
670541,"Alvarez, Yordan",914,0.913086913,741,76.54573699,0.630196937,0.342780027,0.277899344,0.224021592,0.181619256,7.582607888,1,23.15652491,173,0.189277899,406,0.444201313
593934,"Sanó, Miguel",142,0.898734177,93,76.46287303,0.626760563,0.290322581,0.190140845,0.172043011,0.112676056,7.980795775,7,-6.076994977,49,0.345070423,40,0.281690141
660271,"Ohtani, Shohei",1129,0.906827309,803,76.29870178,0.639503986,0.386052304,0.274579274,0.257783313,0.183348096,7.740923516,10,35.10353608,326,0.288751107,420,0.372010629
683002,"Henderson, Gunnar",1109,0.903830481,868,76.28623982,0.644724977,0.322580645,0.252479711,0.228110599,0.178539225,7.233485852,20,-5.457286327,241,0.217312894,429,0.386834986
677594,"Rodríguez, Julio",1093,0.905550953,768,76.25833208,0.634034767,0.295572917,0.20768527,0.205729167,0.144556267,7.899078454,30,-14.50228803,325,0.297346752,359,0.328453797
671286,"Rodríguez, Johnathan",65,0.915492958,40,76.17017985,0.661538462,0.275,0.169230769,0.2,0.123076923,8.283926,2,-4.881441722,25,0.384615385,17,0.261538462
666624,"Morel, Christopher",956,0.90530303,636,76.08846126,0.64748954,0.301886792,0.20083682,0.176100629,0.117154812,8.016552824,24,-34.15906354,320,0.334728033,333,0.34832636
663550,"Cabbage, Trey",148,0.902439024,88,75.91847378,0.594594595,0.352272727,0.209459459,0.193181818,0.114864865,7.912896419,4,-6.725960024,60,0.405405405,44,0.297297297
665489,"Guerrero Jr., Vladimir",1046,0.909565217,840,75.87768751,0.57456979,0.345238095,0.277246654,0.241666667,0.194072658,7.739410296,9,24.31774832,206,0.196940727,443,0.423518164
575929,"Contreras, Willson",576,0.905660377,383,75.85372691,0.616319444,0.279373368,0.185763889,0.187989556,0.125,7.888264063,13,-6.508678871,193,0.335069444,181,0.314236111
669003,"Mitchell, Garrett",341,0.906914894,220,75.70105933,0.586510264,0.268181818,0.173020528,0.168181818,0.108504399,7.369762346,9,1.116796797,121,0.35483871,111,0.325513196
545361,"Trout, Mike",188,0.899521531,154,75.65131112,0.569148936,0.24025974,0.196808511,0.149350649,0.122340426,7.554344734,4,-2.514114508,34,0.180851064,67,0.356382979
656180,"Adams, Riley",223,0.913934426,166,75.51776283,0.524663677,0.253012048,0.188340807,0.168674699,0.125560538,8.119996368,0,-6.017116466,57,0.255605381,77,0.34529148
691176,"Domínguez, Jasson",115,0.8984375,92,75.44704696,0.573913043,0.206521739,0.165217391,0.173913043,0.139130435,7.723940522,4,-2.975385628,23,0.2,34,0.295652174
621550,"Wisdom, Patrick",308,0.908554572,218,75.4333413,0.561688312,0.275229358,0.194805195,0.146788991,0.103896104,7.908023344,9,-10.71366064,90,0.292207792,95,0.308441558
665742,"Soto, Juan",921,0.90560472,748,75.42827408,0.5917481,0.393048128,0.319218241,0.252673797,0.205211726,7.287238654,28,13.58827708,173,0.187839305,409,0.444082519
701305,"Dezenzo, Zach",111,0.902439024,75,75.42143505,0.594594595,0.266666667,0.18018018,0.16,0.108108108,7.471710721,1,-0.033021663,36,0.324324324,38,0.342342342
624585,"Soler, Jorge",881,0.908247423,644,75.40653493,0.566401816,0.296583851,0.216799092,0.156832298,0.114642452,7.936281283,12,-7.108614089,237,0.269012486,315,0.357548241
656541,"Hilliard, Sam",262,0.912891986,158,75.27870408,0.526717557,0.316455696,0.190839695,0.202531646,0.122137405,7.268881794,7,-2.930109597,104,0.396946565,75,0.286259542
671218,"Ramos, Heliot",873,0.907484407,654,75.24058119,0.552119129,0.298165138,0.223367698,0.183486239,0.137457045,6.936671443,28,-7.195479386,219,0.250859107,319,0.365406644
592669,"Renfroe, Hunter",631,0.91316932,496,75.24039506,0.527733756,0.298387097,0.234548336,0.157258065,0.123613312,7.617267861,8,-9.598136219,135,0.213946117,275,0.435816165
624413,"Alonso, Pete",992,0.900181488,763,75.23499802,0.518145161,0.296199214,0.227822581,0.186107471,0.143145161,7.318061079,19,-10.85954121,229,0.230846774,387,0.390120968
663586,"Riley, Austin",754,0.908433735,563,75.23038333,0.535809019,0.326820604,0.24403183,0.202486679,0.151193634,7.509214257,24,-4.832057806,191,0.25331565,264,0.350132626
641933,"O'Neill, Tyler",733,0.90605686,481,75.22371484,0.518417462,0.282744283,0.185538881,0.180873181,0.118690314,7.594253929,11,3.352698445,252,0.343792633,209,0.285129604
592518,"Machado, Manny",1033,0.905346188,811,75.21947458,0.525653437,0.319358816,0.250726041,0.20838471,0.163601162,7.775955276,23,-6.191918105,222,0.214908035,419,0.405614714
677956,"Hinds, Rece",92,0.910891089,57,75.2148912,0.565217391,0.298245614,0.184782609,0.192982456,0.119565217,7.718913261,1,3.309981681,35,0.380434783,29,0.315217391
682829,"De La Cruz, Elly",989,0.905677656,691,75.18426903,0.53892821,0.316931983,0.221435794,0.189580318,0.132457027,7.281975824,31,2.832530341,298,0.301314459,350,0.353892821
660821,"Sánchez, Jesús",891,0.906408952,614,75.16434883,0.544332211,0.32247557,0.222222222,0.190553746,0.131313131,7.14619541,13,-17.17012623,277,0.310886644,300,0.336700337
686554,"Dunn, Oliver",139,0.902597403,87,75.16018245,0.553956835,0.310344828,0.194244604,0.114942529,0.071942446,7.617916691,2,-4.124064393,52,0.374100719,43,0.309352518
660707,"Montero, Elehuris",392,0.911627907,276,75.11648686,0.530612245,0.286231884,0.201530612,0.152173913,0.107142857,7.566919592,10,-12.33038752,116,0.295918367,140,0.357142857
663624,"Mountcastle, Ryan",896,0.90872211,690,75.09298212,0.505580357,0.275362319,0.212053571,0.160869565,0.123883929,7.482878438,14,-10.03817204,206,0.229910714,317,0.353794643
572233,"Walker, Christian",915,0.901477833,708,75.04501966,0.527868852,0.261299435,0.202185792,0.15819209,0.122404372,7.544497672,32,-12.76665811,207,0.226229508,303,0.331147541
693049,"Colás, Oscar",67,0.905405405,49,74.97438433,0.492537313,0.244897959,0.179104478,0.142857143,0.104477612,7.395185224,1,-1.478704131,18,0.268656716,21,0.313432836
670042,"Raley, Luke",752,0.900598802,512,74.97093403,0.507978723,0.26953125,0.183510638,0.16796875,0.114361702,7.24988891,16,-4.070624453,240,0.319148936,236,0.313829787
665120,"Walsh, Jared",59,0.907692308,32,74.96773525,0.508474576,0.28125,0.152542373,0.125,0.06779661,7.649634746,1,-3.90989858,27,0.457627119,15,0.254237288
696100,"Goodman, Hunter",405,0.908071749,285,74.91741761,0.50617284,0.224561404,0.158024691,0.10877193,0.07654321,7.253100222,7,-7.23608924,120,0.296296296,128,0.316049383
595879,"Báez, Javier",427,0.906581741,304,74.82568265,0.494145199,0.299342105,0.213114754,0.174342105,0.12412178,8.623558923,8,-23.23715266,123,0.288056206,167,0.391100703
663698,"Bart, Joey",435,0.904365904,321,74.82526163,0.510344828,0.289719626,0.213793103,0.161993769,0.11954023,7.48628446,10,1.458774824,114,0.262068966,163,0.374712644
671739,"Harris II, Michael",761,0.905952381,584,74.71957338,0.479632063,0.306506849,0.23521682,0.195205479,0.149802891,8.060931905,11,-8.52206905,177,0.232588699,300,0.394218134
665487,"Tatis Jr., Fernando",636,0.903409091,478,74.71143442,0.477987421,0.374476987,0.281446541,0.225941423,0.169811321,7.329773475,29,-7.43155662,158,0.248427673,252,0.396226415
669394,"Burger, Jake",929,0.90281827,665,74.68849192,0.469321851,0.333834586,0.238966631,0.201503759,0.144241119,7.483993111,17,0.831106134,264,0.284176534,341,0.367061356
682985,"Greene, Riley",890,0.907237513,661,74.67975603,0.457303371,0.307110439,0.228089888,0.169440242,0.125842697,7.198148764,7,-6.864409159,229,0.257303371,308,0.346067416
661388,"Contreras, William",1090,0.906821963,813,74.66873879,0.503669725,0.349323493,0.260550459,0.209102091,0.155963303,7.341808587,24,-3.680678709,277,0.25412844,419,0.38440367
677951,"Witt Jr., Bobby",1111,0.911402789,875,74.66459503,0.483348335,0.348571429,0.274527453,0.204571429,0.161116112,7.096457183,16,19.80558254,236,0.212421242,468,0.421242124
671213,"Casas, Triston",347,0.903645833,242,74.64813383,0.492795389,0.289256198,0.201729107,0.136363636,0.095100865,7.720071009,10,4.34573161,105,0.30259366,113,0.325648415
650907,"Pinto, René",55,0.916666667,32,74.56297982,0.490909091,0.4375,0.254545455,0.21875,0.127272727,7.483659455,1,-0.901326285,23,0.418181818,17,0.309090909
677800,"Abreu, Wilyer",756,0.907563025,557,74.554859,0.445767196,0.307001795,0.226190476,0.15978456,0.117724868,7.392287765,17,-9.747421623,199,0.263227513,263,0.347883598
673357,"Robert Jr., Luis",715,0.901639344,482,74.54360746,0.475524476,0.282157676,0.19020979,0.15560166,0.104895105,7.737383986,12,-12.62477801,233,0.325874126,233,0.325874126
663728,"Raleigh, Cal",1112,0.904065041,790,74.5171571,0.451438849,0.284810127,0.202338129,0.159493671,0.113309353,7.76837411,15,-17.90139181,322,0.289568345,339,0.304856115
694671,"Langford, Wyatt",819,0.902976847,630,74.49387904,0.482295482,0.317460317,0.244200244,0.184126984,0.141636142,7.006870635,8,-14.79562412,189,0.230769231,340,0.415140415
621043,"Correa, Carlos",520,0.910683012,422,74.47704479,0.453846154,0.322274882,0.261538462,0.199052133,0.161538462,7.250512827,4,13.32440844,98,0.188461538,224,0.430769231
672356,"Arias, Gabriel",295,0.913312693,183,74.47648244,0.474576271,0.25136612,0.155932203,0.142076503,0.088135593,7.560594847,8,-8.916201568,112,0.379661017,83,0.281355932
656577,"Jackson, Alex",286,0.902208202,178,74.40787203,0.468531469,0.247191011,0.153846154,0.106741573,0.066433566,7.479054126,6,-16.69980582,108,0.377622378,84,0.293706294
691016,"Soderstrom, Tyler",321,0.906779661,228,74.40132446,0.45482866,0.350877193,0.249221184,0.201754386,0.143302181,7.536719346,9,-7.925976076,93,0.289719626,123,0.38317757
642133,"Tellez, Rowdy",611,0.90652819,491,74.3992107,0.436988543,0.274949084,0.220949264,0.152749491,0.122749591,7.984525794,13,-16.87667073,120,0.196399345,267,0.436988543
680718,"Barger, Addison",354,0.903061224,264,74.3460624,0.440677966,0.318181818,0.237288136,0.166666667,0.124293785,7.549391412,5,-10.89345649,90,0.254237288,140,0.395480226
700242,"Sweeney, Trey",199,0.921296296,140,74.33411543,0.432160804,0.328571429,0.231155779,0.185714286,0.130653266,7.722491508,2,-5.429927501,59,0.296482412,74,0.371859296
621439,"Buxton, Byron",658,0.905089409,460,74.32131126,0.417933131,0.315217391,0.220364742,0.167391304,0.117021277,8.076933739,12,1.697267109,198,0.300911854,221,0.335866261
668723,"Vilade, Ryan",92,0.901960784,69,74.29629207,0.456521739,0.246376812,0.184782609,0.101449275,0.076086957,7.232966087,1,-4.56644395,23,0.25,31,0.336956522
671732,"Butler, Lawrence",725,0.90738423,539,74.19212225,0.435862069,0.32096475,0.23862069,0.176252319,0.131034483,7.071419655,12,0.005542341,186,0.256551724,272,0.375172414
656484,"Gray, Tristan",58,0.920634921,27,74.14226155,0.379310345,0.296296296,0.137931034,0.111111111,0.051724138,7.670488276,0,-4.875679044,31,0.534482759,11,0.189655172
669127,"Langeliers, Shea",853,0.915236052,621,74.13680409,0.419695193,0.325281804,0.236811254,0.177133655,0.128956624,7.27794612,7,-6.486617167,232,0.271981243,311,0.364595545
624424,"Conforto, Michael",722,0.905897114,554,74.12210267,0.429362881,0.33032491,0.253462604,0.175090253,0.13434903,7.375714017,5,-13.3434439,168,0.232686981,286,0.396121884
680118,"Blanco, Dairon",196,0.903225806,135,74.1024851,0.433673469,0.318518519,0.219387755,0.185185185,0.12755102,7.474934337,7,-8.003780273,61,0.31122449,75,0.382653061
691723,"Mayo, Coby",79,0.897727273,45,74.08126354,0.405063291,0.222222222,0.126582278,0.066666667,0.037974684,6.990807215,1,-8.17865716,34,0.430379747,17,0.215189873
663853,"Gonzalez, Romy",404,0.907865169,286,74.06006017,0.383663366,0.335664336,0.237623762,0.22027972,0.155940594,7.027441139,3,-6.360296947,118,0.292079208,133,0.329207921
547180,"Harper, Bryce",1094,0.905629139,822,74.03577517,0.410420475,0.279805353,0.21023766,0.173965937,0.13071298,7.28843511,13,-6.093196821,272,0.248628885,358,0.327239488
542303,"Ozuna, Marcell",1125,0.906526994,773,74.02091396,0.424888889,0.338939198,0.232888889,0.203104787,0.139555556,7.397909316,4,7.000651955,352,0.312888889,377,0.335111111
678554,"Mead, Curtis",192,0.905660377,157,73.97471984,0.427083333,0.280254777,0.229166667,0.159235669,0.130208333,7.308486563,3,-8.701338896,35,0.182291667,79,0.411458333
572191,"Taylor, Michael A.",464,0.90625,293,73.95025037,0.409482759,0.283276451,0.17887931,0.146757679,0.092672414,7.180510216,20,-24.20152059,171,0.368534483,141,0.30387931
663609,"Baker, Luken",82,0.901098901,57,73.92712244,0.402439024,0.333333333,0.231707317,0.157894737,0.109756098,7.82085561,4,-2.619701321,25,0.304878049,28,0.341463415
623520,"Bote, David",81,0.9,56,73.90363111,0.419753086,0.285714286,0.197530864,0.196428571,0.135802469,7.81642642,1,-0.88805159,25,0.308641975,30,0.37037037
695578,"Wood, James",472,0.90248566,344,73.89699748,0.44279661,0.331395349,0.241525424,0.212209302,0.154661017,7.436867415,17,-1.777294646,128,0.271186441,176,0.372881356
553869,"Díaz, Elias",577,0.902973396,432,73.88506433,0.414211438,0.261574074,0.195840555,0.138888889,0.103986135,7.001263588,11,-9.338226363,145,0.251299827,218,0.377816291
650391,"Jiménez, Eloy",521,0.909249564,396,73.87626484,0.401151631,0.393939394,0.299424184,0.22979798,0.174664107,7.241248081,15,-19.71583124,125,0.239923225,236,0.452975048
621566,"Olson, Matt",1239,0.910360029,913,73.79815655,0.387409201,0.265060241,0.195318805,0.151150055,0.111380145,7.347558337,11,-22.3194012,326,0.263115416,373,0.301049233
641343,"Bauers, Jake",601,0.903759398,447,73.77288852,0.3078203,0.237136465,0.176372712,0.109619687,0.081530782,7.48418208,14,-21.84911686,154,0.256239601,168,0.27953411
681297,"Cowser, Colton",900,0.904522613,659,73.76186981,0.405555556,0.31107739,0.227777778,0.169954476,0.124444444,6.932131678,23,-6.811725824,241,0.267777778,309,0.343333333
682998,"Carroll, Corbin",911,0.912825651,723,73.6931499,0.368825467,0.348547718,0.2766191,0.18395574,0.145993414,7.020155741,5,-17.08909004,188,0.20636663,414,0.454445664
606466,"Marte, Ketel",850,0.91006424,679,73.68302633,0.405882353,0.381443299,0.304705882,0.203240059,0.162352941,7.637226482,6,-2.37677929,171,0.201176471,347,0.408235294
667670,"Rooker, Brent",1012,0.910071942,699,73.68173408,0.371541502,0.324749642,0.2243083,0.180257511,0.124505929,7.079576798,29,14.53518086,313,0.309288538,345,0.340909091
662139,"Varsho, Daulton",819,0.908990011,605,73.66690459,0.344322344,0.239669421,0.177045177,0.110743802,0.081807082,7.628742564,6,-22.6210504,214,0.261294261,279,0.340659341
545341,"Grichuk, Randal",455,0.902777778,366,73.66484429,0.353846154,0.346994536,0.279120879,0.18852459,0.151648352,7.666162154,10,2.127038838,89,0.195604396,189,0.415384615
669065,"Stowers, Kyle",395,0.901826484,264,73.65391496,0.33164557,0.268939394,0.179746835,0.174242424,0.116455696,6.807766203,15,-12.8456023,131,0.33164557,113,0.286075949
682617,"Luciano, Marco",118,0.900763359,85,73.65102186,0.406779661,0.294117647,0.211864407,0.141176471,0.101694915,7.090588475,4,-3.767148948,33,0.279661017,41,0.347457627
679529,"Torkelson, Spencer",600,0.904977376,455,73.63425563,0.303333333,0.27032967,0.205,0.127472527,0.096666667,7.53669815,10,-17.07265107,145,0.241666667,205,0.341666667
680776,"Duran, Jarren",1138,0.911128903,879,73.60089763,0.362038664,0.300341297,0.23198594,0.177474403,0.137082601,7.557940193,21,8.23780981,259,0.227592267,447,0.392794376
642715,"Adames, Willy",1185,0.906656465,861,73.59786866,0.332489451,0.290360046,0.210970464,0.134727062,0.097890295,8.105363502,9,-7.247283889,324,0.273417722,403,0.340084388
668832,"McCann, Kyle",250,0.902527076,143,73.59421856,0.372,0.34965035,0.2,0.167832168,0.096,7.80544264,9,-5.705226372,107,0.428,74,0.296
682668,"Acuña, Luisangel",68,0.931506849,53,73.57039721,0.397058824,0.301886792,0.235294118,0.20754717,0.161764706,7.319371765,0,4.014137084,15,0.220588235,31,0.455882353
683146,"Baty, Brett",263,0.900684932,196,73.50918202,0.380228137,0.193877551,0.144486692,0.086734694,0.064638783,7.614422129,5,-11.03478075,67,0.254752852,86,0.326996198
663905,"Blankenhorn, Travis",58,0.920634921,45,73.50668,0.344827586,0.222222222,0.172413793,0.133333333,0.103448276,7.177088103,0,-3.94461071,13,0.224137931,20,0.344827586
682626,"Alvarez, Francisco",499,0.912248629,364,73.47413617,0.372745491,0.313186813,0.228456914,0.164835165,0.120240481,7.229366713,8,-11.26332818,135,0.270541082,193,0.386773547
687401,"Ortiz, Joey",722,0.907035176,614,73.43114061,0.351800554,0.270358306,0.229916898,0.127035831,0.108033241,7.528177784,8,-7.50580396,108,0.149584488,311,0.430747922
664040,"Lowe, Brandon",770,0.900584795,545,73.42883108,0.35974026,0.308256881,0.218181818,0.172477064,0.122077922,7.122046818,27,-6.537779491,225,0.292207792,254,0.32987013
676369,"Velázquez, Nelson",350,0.906735751,235,73.39975974,0.345714286,0.319148936,0.214285714,0.136170213,0.091428571,7.468902,5,-12.0731442,115,0.328571429,125,0.357142857
592626,"Pederson, Joc",662,0.900680272,508,73.37309378,0.371601208,0.289370079,0.222054381,0.159448819,0.122356495,7.693515378,10,1.665983602,154,0.232628399,223,0.336858006
668904,"Lewis, Royce",563,0.9008,418,73.31322021,0.360568384,0.265550239,0.197158082,0.126794258,0.094138544,7.748036838,13,-8.441342794,145,0.257548845,204,0.362344583
663993,"Lowe, Nathaniel",903,0.905717151,736,73.31284667,0.293466224,0.282608696,0.2303433,0.152173913,0.124031008,7.269485692,23,-14.39900978,167,0.184939092,348,0.38538206
493329,"Gurriel, Yuli",106,0.876033058,85,73.30986226,0.283018868,0.341176471,0.273584906,0.176470588,0.141509434,7.997680755,2,-2.939826751,21,0.198113208,39,0.367924528
664913,"Brown, Seth",685,0.912117177,498,73.30077019,0.281751825,0.309236948,0.224817518,0.144578313,0.105109489,7.207996745,14,-16.06761559,187,0.272992701,229,0.334306569
671056,"Herrera, Iván",384,0.909952607,290,73.29803164,0.3359375,0.324137931,0.244791667,0.179310345,0.135416667,7.466936849,1,-2.408414158,94,0.244791667,154,0.401041667
666139,"Lowe, Josh",765,0.905325444,522,73.29749417,0.326797386,0.281609195,0.192156863,0.134099617,0.091503268,7.15005617,9,-10.98283916,243,0.317647059,214,0.279738562
669261,"Suwinski, Jack",404,0.903803132,296,73.28816785,0.326732673,0.27027027,0.198019802,0.125,0.091584158,7.25959047,7,-17.91356129,108,0.267326733,133,0.329207921
607043,"Nimmo, Brandon",1047,0.911227154,820,73.26807954,0.348615091,0.309756098,0.242597899,0.154878049,0.121298949,7.293659799,15,-23.03073105,227,0.216809933,376,0.359121299
669221,"Murphy, Sean",431,0.905462185,315,73.26541859,0.389791183,0.311111111,0.22737819,0.136507937,0.099767981,7.861891415,10,-10.47771753,116,0.269141531,155,0.35962877
650490,"Díaz, Yandy",902,0.909274194,788,73.25805834,0.34368071,0.365482234,0.319290466,0.219543147,0.191796009,7.516551718,2,-19.20532458,114,0.126385809,414,0.458980044
606192,"Hernández, Teoscar",1106,0.90507365,744,73.23448958,0.317359855,0.295698925,0.198915009,0.185483871,0.12477396,7.76168585,29,-2.595935644,362,0.327305606,349,0.315551537
521692,"Perez, Salvador",1143,0.904988124,848,73.21971848,0.333333333,0.336084906,0.249343832,0.175707547,0.130358705,7.930436465,15,-11.38640758,295,0.258092738,420,0.367454068
518792,"Heyward, Jason",429,0.905063291,344,73.21022028,0.272727273,0.26744186,0.214452214,0.136627907,0.10955711,8.224275991,7,-10.74288313,85,0.198135198,156,0.363636364
669357,"Gorman, Nolan",632,0.9002849,418,73.20325353,0.30221519,0.26076555,0.172468354,0.141148325,0.09335443,7.526733354,16,-12.40597419,214,0.338607595,188,0.297468354
681546,"Outman, James",202,0.897777778,125,73.18221158,0.311881188,0.256,0.158415842,0.112,0.069306931,7.850739059,7,-11.40099336,77,0.381188119,50,0.247524752
592663,"Realmuto, J.T.",650,0.910364146,493,73.18122874,0.356923077,0.296146045,0.224615385,0.168356998,0.127692308,7.645098246,8,-4.868276131,157,0.241538462,238,0.366153846
592885,"Yelich, Christian",466,0.904854369,363,73.17993828,0.345493562,0.330578512,0.25751073,0.179063361,0.139484979,7.516402961,9,-4.660673256,103,0.221030043,184,0.394849785
694192,"Chourio, Jackson",860,0.906217071,648,73.15158777,0.339534884,0.344135802,0.259302326,0.177469136,0.13372093,7.370065977,22,-8.091728344,212,0.246511628,349,0.405813953
669911,"Toglia, Michael",752,0.909310762,507,73.15121753,0.292553191,0.317554241,0.214095745,0.185404339,0.125,7.540294561,21,-11.62720473,245,0.325797872,234,0.311170213
666160,"Moniak, Mickey",752,0.906024096,539,73.14535793,0.285904255,0.282003711,0.20212766,0.12987013,0.093085106,7.685752686,10,-15.77038566,213,0.283244681,256,0.340425532
682622,"Marte, Noelvi",428,0.906779661,295,73.1358778,0.336448598,0.26779661,0.184579439,0.125423729,0.086448598,7.518366916,8,-17.39230818,133,0.310747664,143,0.33411215
623993,"Santander, Anthony",1179,0.907621247,950,73.1232047,0.337574215,0.276842105,0.223070399,0.138947368,0.111959288,7.246136353,5,-1.20740372,229,0.1942324,424,0.359626802
624641,"Sosa, Edmundo",499,0.903985507,348,73.09977623,0.340681363,0.267241379,0.186372745,0.132183908,0.092184369,8.258682184,3,-7.473896524,151,0.30260521,161,0.322645291
547989,"Abreu, José",159,0.898305085,117,73.08325302,0.314465409,0.290598291,0.213836478,0.111111111,0.081761006,7.063763899,2,-8.543109846,42,0.264150943,57,0.358490566
596142,"Sánchez, Gary",402,0.903370787,291,73.08255418,0.31840796,0.350515464,0.253731343,0.158075601,0.114427861,7.444919254,13,-7.095583468,111,0.276119403,155,0.385572139
677942,"Alexander, Blaze",296,0.905198777,209,73.07190409,0.304054054,0.282296651,0.199324324,0.114832536,0.081081081,7.348342669,6,-10.10120628,87,0.293918919,101,0.341216216
681624,"Pages, Andy",764,0.903073286,573,73.0671309,0.277486911,0.280977312,0.210732984,0.141361257,0.106020942,7.730661453,11,-17.8776501,191,0.25,266,0.348167539
664238,"Moore, Dylan",658,0.90260631,508,73.04531989,0.278115502,0.269685039,0.208206687,0.108267717,0.083586626,7.119954529,16,-22.33065011,150,0.227963526,228,0.346504559
664314,"Florial, Estevan",186,0.902912621,111,73.00461828,0.301075269,0.27027027,0.161290323,0.135135135,0.080645161,7.135288978,0,-4.421873127,75,0.403225806,51,0.274193548
665052,"Conine, Griffin",156,0.901734104,114,73.00026462,0.314102564,0.245614035,0.179487179,0.114035088,0.083333333,7.553620769,2,0.371623052,42,0.269230769,48,0.307692308
663330,"Jones, Jahmai",52,0.896551724,37,72.99305327,0.288461538,0.351351351,0.25,0.162162162,0.115384615,7.689005577,1,-0.876580548,15,0.288461538,22,0.423076923
673548,"Suzuki, Seiya",852,0.901587302,655,72.96161626,0.349765258,0.334351145,0.257042254,0.180152672,0.138497653,7.191845869,17,12.45845255,197,0.231220657,327,0.383802817
656976,"Smith, Pavin",212,0.909871245,171,72.95820731,0.320754717,0.403508772,0.325471698,0.198830409,0.160377358,7.365183443,4,-0.196390449,41,0.193396226,98,0.462264151
502110,"Martinez, J.D.",842,0.900534759,592,72.94465169,0.285035629,0.283783784,0.199524941,0.140202703,0.098574822,8.414047387,29,-19.37092034,250,0.296912114,254,0.301662708
663662,"Cameron, Daz",307,0.908284024,218,72.92860358,0.302931596,0.353211009,0.250814332,0.174311927,0.123778502,6.755714723,7,-14.39491016,89,0.28990228,107,0.348534202
643265,"Cooper, Garrett",175,0.897435897,126,72.9252408,0.268571429,0.285714286,0.205714286,0.103174603,0.074285714,7.752452057,3,-9.844529485,49,0.28,61,0.348571429
665804,"Amaya, Miguel",589,0.903374233,469,72.91013533,0.324278438,0.29424307,0.234295416,0.119402985,0.095076401,7.150193752,6,-15.1237518,120,0.203735144,242,0.410865874
647304,"Naylor, Josh",984,0.903581267,788,72.88207025,0.327235772,0.341370558,0.273373984,0.158629442,0.12703252,7.636446758,11,-12.50826461,196,0.199186992,410,0.416666667
680777,"Jeffers, Ryan",751,0.900479616,592,72.88053826,0.340878828,0.273648649,0.215712383,0.133445946,0.105193076,7.466496245,23,-3.018126085,159,0.21171771,297,0.395472703
694388,"Loperfido, Joey",459,0.9,306,72.87924155,0.272331155,0.261437908,0.174291939,0.107843137,0.071895425,7.743772309,10,-12.61134441,153,0.333333333,138,0.300653595
571745,"Haniger, Mitch",644,0.900699301,448,72.87590617,0.260869565,0.348214286,0.242236025,0.165178571,0.114906832,7.097615807,22,-25.71227343,196,0.304347826,231,0.358695652
608701,"Refsnyder, Rob",490,0.902394107,367,72.84307129,0.279591837,0.313351499,0.234693878,0.174386921,0.130612245,7.56486,10,1.430779976,123,0.251020408,181,0.369387755
669004,"Melendez, MJ",845,0.909580194,603,72.79202585,0.326627219,0.296849088,0.21183432,0.150912106,0.107692308,7.662310651,14,-33.10055579,242,0.286390533,265,0.313609467
663616,"Larnach, Trevor",611,0.90652819,446,72.78520381,0.271685761,0.392376682,0.286415712,0.204035874,0.14893617,7.365034779,8,-14.62870426,165,0.2700491,241,0.394435352
668227,"Arozarena, Randy",964,0.900093371,705,72.74487633,0.334024896,0.329078014,0.2406639,0.158865248,0.116182573,7.383195456,15,-12.68031054,259,0.268672199,347,0.359958506
457705,"McCutchen, Andrew",768,0.902467685,570,72.73770125,0.252604167,0.312280702,0.231770833,0.149122807,0.110677083,7.604203438,11,-11.45179332,198,0.2578125,291,0.37890625
687529,"McCray, Grant",229,0.898039216,129,72.73536895,0.257641921,0.248062016,0.139737991,0.124031008,0.069868996,7.200738646,6,-4.342360633,100,0.436681223,55,0.240174672
644433,"Tromp, Chadwick",80,0.91954023,50,72.70384588,0.3375,0.34,0.2125,0.1,0.0625,7.9113545,1,-2.472778468,30,0.375,27,0.3375
672284,"Kelenic, Jarred",729,0.903345725,492,72.68517759,0.248285322,0.347560976,0.234567901,0.164634146,0.111111111,7.3112531,18,-17.70596877,237,0.325102881,244,0.334705075
657757,"Sheets, Gavin",838,0.90204521,670,72.67141579,0.297136038,0.282089552,0.225536993,0.126865672,0.101431981,7.568178974,27,-25.172714,168,0.200477327,320,0.381861575
657656,"Laureano, Ramón",529,0.910499139,369,72.65146444,0.302457467,0.295392954,0.206049149,0.138211382,0.096408318,7.22892034,17,-1.231977606,160,0.302457467,166,0.313799622
502054,"Pham, Tommy",694,0.910761155,552,72.63141007,0.217579251,0.367753623,0.292507205,0.179347826,0.142651297,6.876284524,14,-10.36553157,142,0.204610951,307,0.442363112
663457,"Nootbaar, Lars",539,0.902847571,448,72.62403403,0.282003711,0.372767857,0.309833024,0.214285714,0.178107607,6.820900835,15,-7.288834659,91,0.168831169,245,0.454545455
669720,"Hays, Austin",385,0.910165485,282,72.62096382,0.241558442,0.329787234,0.241558442,0.180851064,0.132467532,7.166053532,10,-6.826788962,103,0.267532468,155,0.402597403
665161,"Peña, Jeremy",1028,0.90893015,776,72.62044988,0.224708171,0.337628866,0.254863813,0.149484536,0.112840467,7.635290282,13,-23.10156473,252,0.245136187,435,0.423151751
641943,"Palacios, Joshua",122,0.910447761,92,72.6013873,0.286885246,0.358695652,0.270491803,0.195652174,0.147540984,7.366697213,3,-4.060820856,30,0.245901639,51,0.418032787
592273,"Drury, Brandon",540,0.904522613,434,72.57704324,0.231481481,0.281105991,0.225925926,0.119815668,0.096296296,7.358453796,16,-32.54105378,106,0.196296296,220,0.407407407
677649,"Duran, Ezequiel",475,0.911708253,372,72.55937834,0.252631579,0.290322581,0.227368421,0.126344086,0.098947368,7.235378758,10,-13.48098053,103,0.216842105,190,0.4
673237,"Diaz, Yainer",1049,0.905090595,809,72.54639731,0.236415634,0.34487021,0.265967588,0.171817058,0.13250715,7.415760648,17,-8.052021699,240,0.228789323,427,0.407054337
646240,"Devers, Rafael",1009,0.903312444,718,72.5352308,0.279484638,0.32729805,0.232903865,0.193593315,0.137760159,7.446743122,24,-6.235067569,291,0.288404361,331,0.328047572
622761,"Mateo, Jorge",349,0.899484536,272,72.51506977,0.220630372,0.286764706,0.223495702,0.139705882,0.108882521,7.753668309,0,-10.58383804,77,0.220630372,133,0.381088825
641857,"McMahon, Ryan",1069,0.904399323,763,72.51407318,0.262862488,0.313237221,0.223573433,0.163826999,0.116931712,7.206047343,28,-27.35801268,306,0.286248831,334,0.312441534
680779,"Davis, Henry",179,0.899497487,116,72.51340369,0.25698324,0.224137931,0.145251397,0.060344828,0.039106145,7.361492179,5,-12.31025005,63,0.351955307,44,0.245810056
502671,"Goldschmidt, Paul",1111,0.909165303,824,72.48416545,0.243024302,0.334951456,0.248424842,0.17961165,0.133213321,7.750873987,10,-10.89034237,287,0.258325833,388,0.349234923
642350,"Siri, Jose",738,0.9,455,72.47002041,0.272357724,0.272527473,0.16802168,0.149450549,0.092140921,7.842158293,20,-15.40761059,283,0.383468835,206,0.279132791
596129,"Vogelbach, Daniel",78,0.896551724,69,72.45706564,0.205128205,0.420289855,0.371794872,0.231884058,0.205128205,7.577294872,1,-2.691238966,9,0.115384615,41,0.525641026
666703,"Rosario, Eguy",73,0.901234568,46,72.4569648,0.260273973,0.369565217,0.232876712,0.173913043,0.109589041,7.831491507,2,0.47892887,27,0.369863014,25,0.342465753
605204,"Davis, J.D.",238,0.908396947,160,72.45516303,0.180672269,0.33125,0.222689076,0.1625,0.109243697,7.282991513,6,-12.67286322,78,0.327731092,83,0.348739496
664774,"Wade Jr., LaMonte",566,0.904153355,446,72.43894018,0.261484099,0.343049327,0.270318021,0.168161435,0.132508834,6.77198129,12,-14.37771973,120,0.212014134,221,0.390459364
596019,"Lindor, Francisco",1116,0.910277325,857,72.42848797,0.235663082,0.373395566,0.286738351,0.182030338,0.139784946,7.565374659,13,-6.786468346,259,0.232078853,439,0.393369176
669224,"Wells, Austin",686,0.903820817,510,72.42627067,0.217201166,0.31372549,0.233236152,0.162745098,0.120991254,7.40460379,11,-16.53032458,176,0.256559767,244,0.355685131
665953,"Chaparro, Andrés",251,0.899641577,193,72.41643426,0.219123506,0.243523316,0.187250996,0.124352332,0.09561753,7.10705004,3,-7.206883489,58,0.231075697,92,0.366533865
642136,"Thaiss, Matt",289,0.900311526,181,72.38552384,0.235294118,0.298342541,0.186851211,0.143646409,0.089965398,7.750672699,9,-14.18300889,108,0.373702422,87,0.301038062
656811,"O'Hearn, Ryan",785,0.912790698,658,72.37467948,0.243312102,0.337386018,0.282802548,0.14893617,0.124840764,7.138562127,6,-10.34449378,127,0.161783439,344,0.438216561
666135,"Kirilloff, Alex",268,0.905405405,190,72.37278336,0.194029851,0.352631579,0.25,0.168421053,0.119402985,7.786355224,3,-9.798480601,78,0.291044776,97,0.361940299
680728,"Del Castillo, Adrian",149,0.903030303,104,72.37233322,0.174496644,0.298076923,0.208053691,0.105769231,0.073825503,7.15528094,5,2.256676982,45,0.302013423,46,0.308724832
665923,"Ruiz, Esteury",92,0.901960784,61,72.36997446,0.315217391,0.278688525,0.184782609,0.131147541,0.086956522,7.623506087,2,-4.501219132,31,0.336956522,28,0.304347826
686527,"Canzone, Dominic",297,0.905487805,208,72.36183148,0.265993266,0.346153846,0.242424242,0.177884615,0.124579125,7.603187273,5,-3.38873446,89,0.2996633,104,0.35016835
608336,"Gallo, Joey",400,0.907029478,243,72.36177648,0.2275,0.329218107,0.2,0.135802469,0.0825,7.269670575,2,-15.71468043,157,0.3925,104,0.26
516782,"Marte, Starling",577,0.908661417,412,72.35535887,0.254766031,0.339805825,0.242634315,0.177184466,0.126516464,7.28494851,11,-11.91802963,165,0.285961872,218,0.377816291
594807,"Duvall, Adam",523,0.901724138,382,72.35513755,0.231357553,0.267015707,0.195028681,0.136125654,0.099426386,7.598208375,3,-18.73363682,141,0.26959847,179,0.342256214
664023,"Happ, Ian",1071,0.906091371,783,72.35314433,0.237161531,0.318007663,0.232492997,0.150702427,0.110177404,6.958679944,18,-26.36051358,288,0.268907563,357,0.333333333
682988,"Locklear, Tyler",89,0.898989899,62,72.34283472,0.247191011,0.241935484,0.168539326,0.129032258,0.08988764,7.47281427,8,-3.468024726,27,0.303370787,25,0.280898876
676116,"Noda, Ryan",140,0.897435897,97,72.30434114,0.264285714,0.24742268,0.171428571,0.134020619,0.092857143,7.605559786,5,-8.993091486,43,0.307142857,41,0.292857143
695257,"Cook, Billy",95,0.896226415,59,72.30304663,0.221052632,0.338983051,0.210526316,0.186440678,0.115789474,7.543402105,0,-1.354415092,36,0.378947368,28,0.294736842
677347,"Paris, Kyren",87,0.915789474,60,72.29848276,0.229885057,0.3,0.206896552,0.116666667,0.08045977,6.90374977,0,-5.306489603,27,0.310344828,30,0.344827586
608369,"Seager, Corey",820,0.905077263,642,72.28371272,0.208536585,0.333333333,0.26097561,0.19470405,0.152439024,6.646551415,14,-3.012495778,178,0.217073171,318,0.387804878
642215,"Wilson, Weston",150,0.903614458,105,72.26757387,0.24,0.352380952,0.246666667,0.152380952,0.106666667,7.526865467,7,0.678527528,45,0.3,54,0.36
686611,"Crews, Dylan",210,0.905172414,164,72.25638205,0.161904762,0.390243902,0.304761905,0.182926829,0.142857143,7.429099762,3,-5.114366122,46,0.219047619,91,0.433333333
666915,"Dalbec, Bobby",156,0.901734104,89,72.25303436,0.198717949,0.269662921,0.153846154,0.08988764,0.051282051,7.151197436,4,-9.940743705,67,0.429487179,36,0.230769231
682928,"Abrams, CJ",1024,0.902202643,794,72.24480226,0.239257812,0.318639798,0.247070313,0.134760705,0.104492188,7.503694268,32,-18.94988638,230,0.224609375,379,0.370117188
664761,"Bohm, Alec",891,0.905487805,741,72.24115267,0.21661055,0.391363023,0.325476992,0.187584345,0.156004489,7.391298283,9,-4.290347363,150,0.168350168,415,0.465768799
553993,"Suárez, Eugenio",1025,0.9030837,742,72.20641466,0.214634146,0.307277628,0.222439024,0.149595687,0.108292683,7.782131385,34,-2.318725684,283,0.276097561,352,0.343414634
701538,"Merrill, Jackson",1034,0.90463692,841,72.18278807,0.215667311,0.305588585,0.248549323,0.151010702,0.122823985,7.527392515,27,1.470942825,193,0.186653772,384,0.371373308
663656,"Tucker, Kyle",452,0.905811623,381,72.14453199,0.227876106,0.362204724,0.305309735,0.162729659,0.137168142,7.50643677,8,5.43414001,71,0.157079646,195,0.431415929
572138,"Singleton, Jon",575,0.90266876,410,72.13507557,0.24173913,0.353658537,0.252173913,0.143902439,0.102608696,7.106711704,12,-9.376685289,165,0.286956522,219,0.380869565
663647,"Hayes, Ke'Bryan",534,0.905084746,446,72.11198519,0.196629213,0.374439462,0.312734082,0.165919283,0.138576779,6.875589925,10,-23.90477664,88,0.164794007,254,0.475655431
656582,"Joe, Connor",585,0.902777778,450,72.09317838,0.239316239,0.277777778,0.213675214,0.126666667,0.097435897,7.355803658,18,-14.67763794,135,0.230769231,234,0.4
666181,"Benson, Will",650,0.902777778,407,72.08176757,0.207692308,0.257985258,0.161538462,0.103194103,0.064615385,7.873000677,17,-21.91557294,243,0.373846154,160,0.246153846
657557,"DeJong, Paul",936,0.908737864,634,72.04020519,0.15491453,0.269716088,0.182692308,0.119873817,0.081196581,6.899971143,11,-19.29041311,302,0.322649573,274,0.292735043
622534,"Margot, Manuel",549,0.902960526,443,72.02557412,0.198542805,0.311512415,0.25136612,0.137697517,0.111111111,7.261900419,5,-19.66108056,106,0.193078324,228,0.415300546
657136,"Wong, Connor",822,0.903296703,595,72.01319634,0.175182482,0.294117647,0.212895377,0.132773109,0.096107056,7.344921946,11,-4.471685068,227,0.276155718,294,0.357664234
673962,"Jung, Josh",280,0.900321543,197,72.01245793,0.146428571,0.355329949,0.25,0.106598985,0.075,7.192815036,5,-1.811244195,83,0.296428571,112,0.4
682868,"Ramos, Bryan",162,0.9,116,72.00309222,0.203703704,0.422413793,0.302469136,0.189655172,0.135802469,8.482094074,2,-6.038214319,46,0.283950617,71,0.438271605
686780,"Pagés, Pedro",376,0.901678657,280,71.95499056,0.236702128,0.282142857,0.210106383,0.117857143,0.087765957,6.898388936,8,-8.283991537,96,0.255319149,136,0.361702128
666969,"García, Adolis",1106,0.901385493,749,71.95052441,0.22965642,0.333778371,0.226039783,0.164218959,0.111211573,7.856444186,14,-38.77559436,357,0.32278481,359,0.324593128
665862,"Chisholm Jr., Jazz",924,0.909448819,650,71.9478004,0.232683983,0.324615385,0.228354978,0.150769231,0.106060606,7.493207803,11,-16.10341474,274,0.296536797,313,0.338744589
605170,"Caratini, Victor",422,0.905579399,333,71.93784028,0.234597156,0.387387387,0.305687204,0.153153153,0.120853081,6.977124313,6,-7.774429824,89,0.210900474,176,0.417061611
641487,"Crawford, J.P.",651,0.906685237,524,71.92572616,0.231950845,0.290076336,0.233486943,0.122137405,0.098310292,7.270289616,5,-27.24529397,127,0.195084485,250,0.384024578
596103,"Slater, Austin",299,0.897897898,212,71.91489826,0.20735786,0.297169811,0.210702341,0.103773585,0.073578595,6.822770669,4,-15.07621531,87,0.2909699,98,0.327759197
543807,"Springer, George",949,0.900379507,730,71.8990286,0.223393045,0.330136986,0.253951528,0.152054795,0.116965227,7.431501517,24,-26.2074817,219,0.230769231,367,0.386722866
673995,"Wendzel, Davis",78,0.896551724,58,71.89534526,0.166666667,0.293103448,0.217948718,0.103448276,0.076923077,7.050072179,2,-7.092638338,20,0.256410256,35,0.448717949
542194,"Bethancourt, Christian",252,0.9,181,71.88554806,0.238095238,0.331491713,0.238095238,0.127071823,0.091269841,7.501158452,9,-5.562095316,71,0.281746032,88,0.349206349
592206,"Castellanos, Nick",1144,0.906497623,809,71.8721101,0.228146853,0.332509271,0.23513986,0.123609394,0.087412587,7.581908191,12,-19.1474813,335,0.292832168,413,0.361013986
666397,"Julien, Edouard",411,0.905286344,291,71.85985929,0.170316302,0.281786942,0.199513382,0.127147766,0.090024331,7.09757219,10,-17.80076058,120,0.291970803,136,0.330900243
669016,"Marsh, Brandon",700,0.903225806,522,71.85775466,0.148571429,0.333333333,0.248571429,0.151340996,0.112857143,7.200098443,4,-5.004955133,178,0.254285714,243,0.347142857
658668,"Olivares, Edward",304,0.899408284,233,71.83053553,0.233552632,0.287553648,0.220394737,0.141630901,0.108552632,7.305078717,4,-11.62198121,71,0.233552632,118,0.388157895
694377,"Yorke, Nick",67,0.893333333,44,71.83030522,0.328358209,0.295454545,0.194029851,0.159090909,0.104477612,7.175025224,1,-3.861964972,23,0.343283582,20,0.298507463
668901,"Vientos, Mark",761,0.909199522,512,71.8247199,0.20630749,0.35546875,0.239159001,0.193359375,0.130091984,7.57273477,18,4.969902857,249,0.327201051,253,0.332457293
700932,"Manzardo, Kyle",268,0.905405405,201,71.81512097,0.130597015,0.343283582,0.257462687,0.139303483,0.104477612,7.629566194,4,-6.213617245,67,0.25,101,0.376865672
641584,"Fraley, Jake",661,0.903005464,528,71.80723451,0.199697428,0.257575758,0.205748865,0.071969697,0.057488654,7.076663011,1,-22.30302779,133,0.201210287,251,0.379727685
542932,"Berti, Jon",92,0.901960784,75,71.78364685,0.195652174,0.32,0.260869565,0.066666667,0.054347826,7.461981739,0,-1.316386261,17,0.184782609,45,0.489130435
650559,"De La Cruz, Bryan",1074,0.902521008,781,71.7777621,0.198324022,0.326504481,0.237430168,0.126760563,0.092178771,7.693105475,20,-23.18656911,293,0.272811918,374,0.348230912
467793,"Santana, Carlos",892,0.905583756,698,71.76066922,0.193946188,0.361031519,0.282511211,0.136103152,0.106502242,7.572571502,8,-27.70837027,194,0.217488789,373,0.418161435
543309,"Higashioka, Kyle",422,0.901709402,328,71.75526777,0.170616114,0.31402439,0.244075829,0.137195122,0.106635071,7.332946303,12,-1.383951065,94,0.222748815,156,0.369668246
672820,"Sosa, Lenyn",642,0.902953586,520,71.74981363,0.169781931,0.332692308,0.269470405,0.125,0.101246106,7.364401184,6,-17.33262887,122,0.190031153,259,0.403426791
668731,"Baddoo, Akil",132,0.897959184,91,71.74208841,0.295454545,0.362637363,0.25,0.175824176,0.121212121,7.516482121,6,-7.39740125,41,0.310606061,46,0.348484848
665506,"Pache, Cristian",305,0.90504451,210,71.7386541,0.150819672,0.280952381,0.193442623,0.123809524,0.085245902,7.378948262,7,-13.29073527,95,0.31147541,85,0.278688525
623912,"Ramírez, Harold",392,0.899082569,277,71.73566334,0.283163265,0.36101083,0.255102041,0.115523466,0.081632653,7.261084133,5,-10.51551676,115,0.293367347,158,0.403061224
621020,"Swanson, Dansby",991,0.90419708,725,71.73441603,0.12815338,0.333793103,0.24419778,0.154482759,0.113017154,7.440274178,22,-23.03117087,266,0.268415742,354,0.357214934
668709,"Bleday, JJ",961,0.902347418,728,71.72774491,0.165452653,0.350274725,0.265348595,0.15521978,0.117585848,7.284254246,24,-20.6475728,233,0.242455775,397,0.413111342
671289,"Freeman, Tyler",524,0.903448276,444,71.72333607,0.173664122,0.36036036,0.305343511,0.137387387,0.116412214,7.184873302,5,-23.4632311,80,0.152671756,243,0.463740458
663898,"Rodgers, Brendan",802,0.901123596,612,71.72187433,0.251870324,0.315359477,0.240648379,0.14379085,0.109725686,7.142056933,26,-7.296323241,190,0.236907731,301,0.375311721
686469,"Pasquantino, Vinnie",872,0.912133891,754,71.71445358,0.198394495,0.371352785,0.321100917,0.163129973,0.141055046,7.400608096,10,-6.037720749,118,0.135321101,391,0.448394495
657041,"Thomas, Lane",774,0.902097902,615,71.69038631,0.169250646,0.326829268,0.259689922,0.152845528,0.121447028,6.758526589,19,-7.91500705,159,0.205426357,310,0.400516796
595777,"Profar, Jurickson",974,0.903525046,815,71.68492277,0.226899384,0.32392638,0.271047228,0.128834356,0.107802875,7.345409045,12,-18.98904301,159,0.163244353,364,0.373716632
663697,"India, Jonathan",830,0.904139434,683,71.6742844,0.221686747,0.307467057,0.253012048,0.124450952,0.102409639,7.168758614,25,-19.20236617,147,0.177108434,341,0.410843373
682641,"Matos, Luis",251,0.902877698,214,71.66611749,0.183266932,0.299065421,0.25498008,0.121495327,0.103585657,7.19058753,2,-4.36882226,37,0.147410359,109,0.434262948
571771,"Hernández, Enrique",623,0.910818713,486,71.65731624,0.194221509,0.339506173,0.264847512,0.115226337,0.08988764,7.370935586,6,-14.14401477,137,0.219903692,250,0.401284109
671277,"García Jr., Luis",810,0.902004454,644,71.65533961,0.227160494,0.352484472,0.280246914,0.161490683,0.128395062,7.287475963,10,-5.28226064,166,0.204938272,354,0.437037037
693307,"Dingler, Dillon",162,0.905027933,118,71.63573654,0.104938272,0.313559322,0.228395062,0.169491525,0.12345679,7.630500864,1,-6.307770591,44,0.271604938,49,0.302469136
680869,"Gelof, Zack",896,0.904137235,583,71.62430864,0.1171875,0.303602058,0.197544643,0.120068611,0.078125,7.32726442,23,-27.92450371,313,0.349330357,285,0.318080357
607208,"Turner, Trea",905,0.904095904,680,71.60324073,0.171270718,0.341176471,0.256353591,0.133823529,0.100552486,7.589410055,15,-4.32598523,225,0.248618785,349,0.385635359
669477,"Schmitt, Casey",167,0.897849462,130,71.59360216,0.251497006,0.361538462,0.281437126,0.138461538,0.107784431,7.516556108,5,0.607769957,37,0.221556886,76,0.45508982
609280,"Andujar, Miguel",523,0.901724138,449,71.57261446,0.221797323,0.309576837,0.265774379,0.115812918,0.099426386,7.636982333,8,-7.862550828,74,0.141491396,238,0.455066922
668715,"Steer, Spencer",990,0.9,778,71.56088759,0.136363636,0.325192802,0.255555556,0.127249357,0.1,7.368125131,21,-21.49427668,212,0.214141414,388,0.391919192
676632,"Madris, Bligh",122,0.910447761,86,71.55963697,0.12295082,0.348837209,0.245901639,0.11627907,0.081967213,7.466795656,1,-4.462404282,36,0.295081967,43,0.352459016
668804,"Reynolds, Bryan",1094,0.901896125,798,71.55114393,0.170932358,0.365914787,0.26691042,0.174185464,0.127056673,6.843877258,31,-9.845353884,296,0.270566728,413,0.377513711
621466,"Stewart, DJ",255,0.901060071,180,71.5474489,0.192156863,0.35,0.247058824,0.161111111,0.11372549,7.127616235,2,-12.16868477,75,0.294117647,96,0.376470588
608070,"Ramírez, José",1135,0.900793651,991,71.54437454,0.188546256,0.325933401,0.284581498,0.142280525,0.124229075,7.269964687,17,4.154530122,144,0.126872247,485,0.427312775
681481,"Carpenter, Kerry",469,0.900191939,339,71.51227797,0.144989339,0.342182891,0.247334755,0.162241888,0.117270789,7.508144776,9,4.688445215,130,0.277185501,165,0.351812367
444482,"Peralta, David",446,0.897384306,329,71.445843,0.192825112,0.331306991,0.244394619,0.130699088,0.096412556,7.186711659,17,-7.747138367,117,0.262331839,164,0.367713004
620443,"Torrens, Luis",201,0.909502262,161,71.43888512,0.104477612,0.322981366,0.258706468,0.111801242,0.089552239,7.313758458,2,-5.188287526,40,0.199004975,77,0.383084577
686676,"Lee, Korey",733,0.903822441,471,71.42284463,0.140518417,0.3014862,0.19372442,0.142250531,0.091405184,7.208018595,16,-23.93968175,262,0.357435198,231,0.315143247
518595,"d'Arnaud, Travis",535,0.905245347,363,71.40220294,0.207476636,0.311294766,0.211214953,0.137741047,0.093457944,7.770575495,6,-13.16171332,172,0.321495327,172,0.321495327
700250,"Rice, Ben",295,0.902140673,230,71.39135525,0.145762712,0.3,0.233898305,0.104347826,0.081355932,7.406383627,5,-10.06546953,65,0.220338983,101,0.342372881
596146,"Kepler, Max",675,0.901201602,526,71.36547067,0.194074074,0.328897338,0.256296296,0.136882129,0.106666667,7.449934385,15,-22.46735354,149,0.220740741,263,0.38962963
687597,"Beck, Jordan",309,0.903508772,208,71.36237829,0.145631068,0.274038462,0.184466019,0.110576923,0.074433657,7.659773074,6,-11.05214312,101,0.326860841,97,0.313915858
608324,"Bregman, Alex",906,0.904191617,806,71.33473929,0.119205298,0.378411911,0.336644592,0.132754342,0.118101545,7.006856071,7,-3.241456733,100,0.110375276,446,0.492273731
663743,"Fortes, Nick",449,0.905241935,388,71.32383706,0.19376392,0.31185567,0.269487751,0.100515464,0.086859688,7.108371626,4,-18.27965532,61,0.135857461,227,0.505567929
678662,"Tovar, Ezequiel",1285,0.904929577,876,71.31665061,0.189105058,0.305936073,0.208560311,0.117579909,0.080155642,7.545631735,17,-4.912896806,409,0.318287938,405,0.315175097
571970,"Muncy, Max",349,0.913612565,245,71.30055671,0.148997135,0.334693878,0.23495702,0.142857143,0.100286533,7.181190315,4,-9.260153769,104,0.297994269,121,0.346704871
691182,"Amador, Adael",61,0.910447761,50,71.2967982,0.196721311,0.28,0.229508197,0.06,0.049180328,7.497717869,3,-3.185845724,11,0.180327869,25,0.409836066
642020,"Robinson, Chuckie",147,0.901840491,105,71.29541374,0.163265306,0.20952381,0.149659864,0.057142857,0.040816327,6.860006463,4,-11.94859027,42,0.285714286,48,0.326530612
672275,"Bailey, Patrick",726,0.905236908,564,71.29382642,0.132231405,0.361702128,0.280991736,0.156028369,0.121212121,7.279011102,9,-26.76842068,162,0.223140496,275,0.378787879
679032,"Rojas, Johan",514,0.898601399,399,71.29030339,0.214007782,0.325814536,0.252918288,0.127819549,0.09922179,7.247804183,12,-9.230121398,115,0.223735409,227,0.441634241
690993,"Keith, Colt",838,0.901075269,656,71.28796853,0.143198091,0.353658537,0.276849642,0.129573171,0.101431981,6.664368413,14,-11.5745986,182,0.217183771,363,0.433174224
687952,"Encarnacion-Strand, Christian",167,0.907608696,127,71.27143305,0.155688623,0.291338583,0.221556886,0.125984252,0.095808383,7.24925006,1,-9.801616734,40,0.239520958,59,0.353293413
665750,"Taveras, Leody",812,0.903225806,599,71.25939307,0.147783251,0.32721202,0.24137931,0.143572621,0.10591133,7.456667278,6,-23.91163081,213,0.262315271,320,0.39408867
606992,"Haase, Eric",120,0.916030534,74,71.23905525,0.108333333,0.378378378,0.233333333,0.175675676,0.108333333,7.18547975,2,5.579936869,46,0.383333333,35,0.291666667
666158,"Lux, Gavin",733,0.90605686,577,71.2366195,0.155525239,0.325823224,0.256480218,0.13864818,0.109140518,7.256899618,18,-13.46245148,156,0.212824011,289,0.394270123
666165,"Sabol, Blake",58,0.90625,41,71.23016828,0.017241379,0.390243902,0.275862069,0.146341463,0.103448276,7.178596897,2,-0.896782331,17,0.293103448,22,0.379310345
677588,"Tena, José",298,0.905775076,231,71.21878406,0.194630872,0.359307359,0.27852349,0.168831169,0.130872483,6.88344453,3,-8.904823928,67,0.224832215,111,0.372483221
667472,"Myers, Dane",158,0.913294798,112,71.21399785,0.158227848,0.366071429,0.259493671,0.133928571,0.094936709,7.181957215,1,0.177968439,46,0.291139241,54,0.341772152
605346,"López, Jack",136,0.906666667,89,71.21271184,0.132352941,0.280898876,0.183823529,0.08988764,0.058823529,7.494311765,1,-1.972911057,47,0.345588235,39,0.286764706
702616,"Holliday, Jackson",339,0.906417112,234,71.21095684,0.10619469,0.35042735,0.241887906,0.141025641,0.097345133,7.062440383,13,-15.49001862,105,0.309734513,115,0.339233038
656555,"Hoskins, Rhys",806,0.899553571,616,71.19676462,0.130272953,0.300324675,0.229528536,0.121753247,0.093052109,8.101506811,23,-13.23471405,190,0.23573201,261,0.32382134
641598,"Garver, Mitch",609,0.903560831,435,71.19626839,0.098522167,0.347126437,0.247947455,0.144827586,0.103448276,7.329834499,15,-24.79724316,174,0.285714286,217,0.356321839
676475,"Burleson, Alec",995,0.899638336,830,71.18966752,0.179899497,0.371084337,0.309547739,0.13253012,0.110552764,7.45959591,11,-15.55531,165,0.165829146,424,0.426130653
664056,"Bader, Harrison",644,0.903225806,497,71.16863121,0.198757764,0.334004024,0.257763975,0.132796781,0.102484472,7.056127795,16,-17.45970627,147,0.22826087,278,0.431677019
681460,"Baldwin, Brooks",214,0.910638298,159,71.16462005,0.08411215,0.283018868,0.210280374,0.094339623,0.070093458,7.060268879,1,-8.785590621,55,0.257009346,75,0.35046729
642708,"Rosario, Amed",557,0.905691057,426,71.16417399,0.166965889,0.312206573,0.238779174,0.117370892,0.089766607,7.346840341,8,-9.794074955,131,0.23518851,224,0.402154399
656248,"Bouchard, Sean",150,0.914634146,99,71.1062974,0.106666667,0.373737374,0.246666667,0.080808081,0.053333333,7.256364667,0,-3.831414444,51,0.34,48,0.32
663837,"Vierling, Matt",858,0.905063291,696,71.08446266,0.117715618,0.360632184,0.292540793,0.155172414,0.125874126,7.412548438,7,-11.95070549,162,0.188811189,358,0.417249417
693304,"Gonzales, Nick",673,0.902144772,522,71.07420605,0.129271917,0.327586207,0.254086181,0.139846743,0.108469539,7.267537637,16,-13.8810713,151,0.224368499,269,0.399702823
676572,"Wagaman, Eric",110,0.901639344,87,71.06357636,0.181818182,0.310344828,0.245454545,0.091954023,0.072727273,6.899280182,3,-0.828630856,23,0.209090909,37,0.336363636
664034,"France, Ty",880,0.905349794,680,71.0336115,0.143181818,0.311764706,0.240909091,0.120588235,0.093181818,7.593700818,17,-30.61771898,200,0.227272727,332,0.377272727
676059,"Westburg, Jordan",684,0.903566711,496,71.03064265,0.109649123,0.375,0.271929825,0.165322581,0.119883041,6.81991769,16,-5.865227812,188,0.274853801,265,0.387426901
642201,"White, Eli",67,0.905405405,55,71.02781075,0.134328358,0.345454545,0.28358209,0.163636364,0.134328358,7.058388806,3,1.630816799,12,0.179104478,25,0.373134328
669304,"Miranda, Jose",692,0.905759162,559,71.01443536,0.156069364,0.359570662,0.290462428,0.134168157,0.108381503,7.582550882,25,-11.72878114,133,0.192196532,298,0.430635838
694497,"Carter, Evan",180,0.904522613,141,70.99138661,0.155555556,0.312056738,0.244444444,0.134751773,0.105555556,7.079735833,2,-5.109375394,39,0.216666667,77,0.427777778
613564,"Vosler, Jason",53,0.898305085,41,70.9896934,0.056603774,0.317073171,0.245283019,0.073170732,0.056603774,7.548537736,0,-2.862053359,12,0.226415094,18,0.339622642
687263,"Neto, Zach",921,0.902941176,692,70.97595161,0.146579805,0.338150289,0.254071661,0.138728324,0.104234528,7.108802226,37,-16.13792187,229,0.24864278,346,0.37567861
656775,"Mullins, Cedric",819,0.90397351,681,70.96649977,0.075702076,0.284875184,0.236874237,0.101321586,0.084249084,7.504470598,4,-15.22092145,138,0.168498168,304,0.371184371
642731,"Estrada, Thairo",539,0.899833055,452,70.96074802,0.142857143,0.338495575,0.283858998,0.119469027,0.100185529,7.1747318,17,-16.16251192,87,0.161410019,254,0.471243043
573262,"Yastrzemski, Mike",757,0.906586826,570,70.94695535,0.055482166,0.357894737,0.269484808,0.142105263,0.107001321,7.556113091,11,-14.7290232,187,0.247027741,284,0.375165125
807799,"Yoshida, Masataka",605,0.904334828,534,70.94468144,0.152066116,0.34082397,0.300826446,0.132958801,0.117355372,7.283058777,4,-4.20813518,71,0.117355372,292,0.482644628
455117,"Maldonado, Martín",220,0.897959184,148,70.9444615,0.1,0.310810811,0.209090909,0.121621622,0.081818182,7.619681409,4,-12.05567217,72,0.327272727,73,0.331818182
686668,"Doyle, Brenton",917,0.90433925,650,70.9331781,0.080697928,0.343076923,0.243184297,0.152307692,0.107960742,7.36175072,20,-10.16697755,267,0.291166848,339,0.369683751
677008,"Kjerstad, Heston",200,0.904977376,142,70.9029804,0.16,0.288732394,0.205,0.112676056,0.08,7.0276973,4,-1.601586805,58,0.29,59,0.295
677950,"Thomas, Alek",136,0.900662252,107,70.89579287,0.080882353,0.448598131,0.352941176,0.186915888,0.147058824,7.050179338,5,-6.076326849,29,0.213235294,63,0.463235294
606115,"Arcia, Orlando",938,0.902791145,708,70.88294118,0.135394456,0.34180791,0.257995736,0.122881356,0.092750533,7.908655672,25,-34.13291465,230,0.245202559,373,0.397654584
686681,"Massey, Michael",611,0.901179941,515,70.87480954,0.088379705,0.359223301,0.302782324,0.12038835,0.101472995,7.174158592,6,-5.826222196,96,0.157119476,268,0.438625205
663886,"Stephenson, Tyler",724,0.900497512,590,70.84533018,0.093922652,0.374576271,0.305248619,0.155932203,0.127071823,7.43973239,31,4.512920017,134,0.185082873,306,0.422651934
676801,"McCormick, Chas",421,0.89957265,295,70.84067323,0.125890736,0.288135593,0.201900238,0.105084746,0.073634204,7.48190848,5,-17.17441376,126,0.299287411,139,0.330166271
676356,"DeLuca, Jonny",627,0.899569584,487,70.83876625,0.111642743,0.260780287,0.202551834,0.080082136,0.062200957,7.648051148,11,-19.92308861,140,0.223285486,230,0.366826156
621512,"Nido, Tomás",262,0.903448276,177,70.82982046,0.057251908,0.384180791,0.259541985,0.141242938,0.095419847,8.041776336,1,-4.399588175,85,0.324427481,90,0.34351145
683734,"Vaughn, Andrew",982,0.904235727,786,70.7792193,0.120162933,0.353689567,0.283095723,0.161577608,0.129327902,7.55516111,12,-14.94632338,196,0.199592668,395,0.402240326
666023,"Fermin, Freddy",620,0.906432749,495,70.77158771,0.098387097,0.329292929,0.262903226,0.111111111,0.088709677,7.481404919,21,-15.50088646,125,0.201612903,244,0.393548387
672580,"Garcia, Maikel",848,0.903088392,736,70.76156032,0.108490566,0.408967391,0.35495283,0.158967391,0.137971698,7.150218502,12,-35.92334776,112,0.132075472,422,0.497641509
664728,"Isbel, Kyle",608,0.907462687,495,70.75388727,0.110197368,0.337373737,0.274671053,0.131313131,0.106907895,7.148897023,5,-15.93566297,113,0.185855263,259,0.425986842
571448,"Arenado, Nolan",983,0.901008249,840,70.74973216,0.128179044,0.322619048,0.275686673,0.091666667,0.078331638,8.22087588,29,-14.94846395,143,0.145473042,434,0.441505595
666134,"Jones, Nolan",401,0.899103139,307,70.74355277,0.16957606,0.312703583,0.239401496,0.107491857,0.082294264,6.729108703,8,-11.12835247,94,0.234413965,139,0.346633416
682177,"Schneemann, Daniel",396,0.90617849,276,70.73964682,0.063131313,0.300724638,0.20959596,0.086956522,0.060606061,6.985946742,7,-8.443916784,120,0.303030303,121,0.305555556
543510,"McCann, James",385,0.897435897,280,70.73864088,0.109090909,0.314285714,0.228571429,0.135714286,0.098701299,6.901585039,4,-11.47296168,106,0.275324675,141,0.366233766
668670,"Rogers, Jake",503,0.906306306,348,70.73764272,0.059642147,0.387931034,0.268389662,0.137931034,0.095427435,7.347594751,12,-14.24933952,155,0.308151093,193,0.383697813
667452,"Julks, Corey",314,0.902298851,232,70.68733739,0.089171975,0.275862069,0.203821656,0.090517241,0.066878981,6.968590637,3,-15.65898659,82,0.261146497,114,0.363057325
593428,"Bogaerts, Xander",642,0.899159664,535,70.68186034,0.152647975,0.370093458,0.308411215,0.128971963,0.107476636,7.206022087,9,-8.339147896,107,0.166666667,294,0.457943925
681351,"O'Hoppe, Logan",855,0.9,589,70.67989455,0.174269006,0.329371817,0.226900585,0.146010187,0.100584795,7.304247626,41,-21.25842303,266,0.311111111,278,0.325146199
672640,"Lopez, Otto",686,0.900262467,544,70.67582436,0.139941691,0.378676471,0.300291545,0.141544118,0.112244898,6.560187172,19,-5.700547604,142,0.206997085,298,0.434402332
672515,"Moreno, Gabriel",506,0.905187835,410,70.65858715,0.130434783,0.36097561,0.292490119,0.148780488,0.12055336,7.034299111,7,-12.0864594,96,0.18972332,206,0.407114625
650489,"Castro, Willi",1091,0.901652893,789,70.64335109,0.154903758,0.290240811,0.209899175,0.120405577,0.087076077,7.082113089,18,-16.8244075,302,0.276810266,364,0.333638863
669208,"Bliss, Ryan",112,0.925619835,74,70.63819893,0.044642857,0.337837838,0.223214286,0.135135135,0.089285714,6.819130982,1,-2.86871316,38,0.339285714,37,0.330357143
808982,"Lee, Jung Hoo",186,0.902912621,169,70.60144618,0.129032258,0.408284024,0.370967742,0.136094675,0.123655914,7.434129355,0,-7.420238491,17,0.091397849,101,0.543010753
666310,"Naylor, Bo",653,0.901933702,481,70.59398387,0.098009188,0.313929314,0.231240429,0.124740125,0.091883614,7.419510781,20,-24.30342296,172,0.263399694,214,0.327718224
682729,"Clase, Jonatan",111,0.917355372,87,70.57930469,0.153153153,0.264367816,0.207207207,0.045977011,0.036036036,6.815080811,3,-2.337431089,24,0.216216216,38,0.342342342
691718,"Crow-Armstrong, Pete",725,0.901741294,511,70.57432739,0.08,0.336594912,0.237241379,0.125244618,0.088275862,7.1605468,10,-17.32094345,214,0.295172414,240,0.331034483
666971,"Gurriel Jr., Lourdes",888,0.902439024,724,70.56687377,0.094594595,0.314917127,0.256756757,0.133977901,0.109234234,7.479768941,12,-6.93130418,164,0.184684685,359,0.404279279
543063,"Crawford, Brandon",138,0.901960784,93,70.56595413,0.137681159,0.258064516,0.173913043,0.096774194,0.065217391,7.407515507,6,-6.798898346,45,0.326086957,39,0.282608696
682073,"Hensley, David",75,0.903614458,51,70.56364107,0.106666667,0.37254902,0.253333333,0.156862745,0.106666667,6.799974267,3,-4.471527437,24,0.32,32,0.426666667
665019,"Clemens, Kody",208,0.912280702,159,70.54807284,0.043269231,0.333333333,0.254807692,0.125786164,0.096153846,7.283494375,1,-3.530060014,49,0.235576923,79,0.379807692
602104,"Urías, Ramón",482,0.909433962,357,70.54495716,0.124481328,0.347338936,0.257261411,0.142857143,0.105809129,7.468799896,4,-12.67638762,125,0.2593361,186,0.385892116
690291,"Jung, Jace",152,0.899408284,106,70.53847947,0.105263158,0.254716981,0.177631579,0.113207547,0.078947368,7.278385987,5,-7.239234866,46,0.302631579,44,0.289473684
681807,"Fry, David",643,0.90819209,506,70.53802297,0.093312597,0.292490119,0.230171073,0.124505929,0.097978227,7.77576465,17,-3.269103059,137,0.213063764,225,0.34992224
592325,"Gamel, Ben",130,0.915492958,88,70.49549185,0.107692308,0.454545455,0.307692308,0.159090909,0.107692308,7.252180846,3,-5.670762628,42,0.323076923,53,0.407692308
666149,"Fitzgerald, Tyler",536,0.899328859,374,70.4874566,0.070895522,0.315508021,0.220149254,0.109625668,0.076492537,7.36524278,3,7.016787928,162,0.302238806,185,0.345149254
660766,"Yepez, Juan",432,0.901878914,337,70.48030956,0.115740741,0.308605341,0.240740741,0.112759644,0.087962963,7.258673171,5,-5.763778256,95,0.219907407,167,0.386574074
640492,"Azocar, José",130,0.896551724,92,70.47484031,0.107692308,0.217391304,0.153846154,0.086956522,0.061538462,7.040679538,2,-4.630759558,38,0.292307692,36,0.276923077
669707,"Triolo, Jared",694,0.901298701,522,70.46910378,0.061959654,0.302681992,0.227665706,0.12835249,0.096541787,7.826141499,19,-20.94431416,172,0.247838617,245,0.353025937
694359,"Kavadas, Niko",156,0.906976744,108,70.46616776,0.08974359,0.333333333,0.230769231,0.166666667,0.115384615,6.982004551,5,-3.049267876,48,0.307692308,46,0.294871795
621438,"Taylor, Tyrone",547,0.896721311,436,70.4640772,0.067641682,0.339449541,0.270566728,0.142201835,0.113345521,7.641868556,8,-3.853393219,111,0.202925046,215,0.393053016
678009,"Meadows, Parker",456,0.899408284,342,70.46276024,0.096491228,0.312865497,0.234649123,0.114035088,0.085526316,7.262647566,15,-7.958533023,114,0.25,169,0.370614035
670770,"Friedl, TJ",477,0.903409091,396,70.45933906,0.077568134,0.351010101,0.291404612,0.101010101,0.083857442,6.813966876,11,-18.23857369,81,0.169811321,216,0.452830189
665839,"Valdez, Enmanuel",324,0.905027933,255,70.4375237,0.104938272,0.325490196,0.25617284,0.109803922,0.086419753,7.508015895,2,-12.00310399,69,0.212962963,120,0.37037037
663757,"Grisham, Trent",265,0.898305085,207,70.4353597,0.056603774,0.396135266,0.309433962,0.173913043,0.135849057,7.698389849,3,-7.360004899,58,0.218867925,109,0.411320755
666182,"Bichette, Bo",521,0.899827288,413,70.4291934,0.142034549,0.326876513,0.259117083,0.147699758,0.117082534,7.311396334,10,-22.85295197,108,0.207293666,203,0.389635317
605137,"Bell, Josh",914,0.900492611,690,70.42516661,0.149890591,0.360869565,0.272428884,0.153623188,0.115973742,7.873993435,14,-16.70580695,224,0.245076586,368,0.402625821
595281,"Kiermaier, Kevin",425,0.902335456,270,70.39937689,0.112941176,0.351851852,0.223529412,0.125925926,0.08,7.076193765,7,-14.73609149,155,0.364705882,146,0.343529412
694376,"Whitcomb, Shay",72,0.9,62,70.38068278,0.069444444,0.258064516,0.222222222,0.14516129,0.125,7.433329028,2,-3.71531406,10,0.138888889,27,0.375
608841,"Meneses, Joey",467,0.906796117,372,70.36718872,0.117773019,0.344086022,0.274089936,0.11827957,0.094218415,7.035709379,8,-17.23875055,95,0.203426124,185,0.39614561
656537,"Hill, Derek",281,0.900641026,186,70.36166822,0.099644128,0.349462366,0.231316726,0.129032258,0.085409253,7.266709537,10,-2.849089329,95,0.338078292,94,0.334519573
518735,"Grandal, Yasmani",329,0.898907104,274,70.34511942,0.085106383,0.423357664,0.352583587,0.178832117,0.14893617,7.387153131,12,0.918437432,55,0.167173252,155,0.47112462
661531,"Serven, Brian",102,0.902654867,81,70.331945,0.058823529,0.283950617,0.225490196,0.061728395,0.049019608,7.475125392,2,-4.568673032,21,0.205882353,37,0.362745098
677941,"Adams, Jordyn",70,0.897435897,49,70.32852071,0.114285714,0.285714286,0.2,0.081632653,0.057142857,7.730032857,4,-0.250477439,21,0.3,22,0.314285714
668800,"Knizner, Andrew",164,0.906077348,121,70.30648482,0.079268293,0.32231405,0.237804878,0.107438017,0.079268293,6.977002866,3,-10.06315317,43,0.262195122,59,0.359756098
656413,"Fairchild, Stuart",337,0.905913978,220,70.28505457,0.100890208,0.327272727,0.213649852,0.118181818,0.077151335,7.381047151,10,-14.7142521,117,0.347181009,123,0.364985163
695391,"Harris, Brett",173,0.901041667,130,70.27503832,0.092485549,0.384615385,0.289017341,0.176923077,0.132947977,7.15218104,1,-10.19452603,43,0.248554913,75,0.433526012
592696,"Rosario, Eddie",506,0.903571429,376,70.26395842,0.07312253,0.393617021,0.292490119,0.130319149,0.096837945,7.203203103,4,-24.05668546,130,0.256916996,196,0.387351779
683737,"Busch, Michael",909,0.9,654,70.26384858,0.113311331,0.350152905,0.251925193,0.133027523,0.095709571,7.267991078,18,-11.66213041,255,0.280528053,299,0.328932893
663897,"Williams, Luke",77,0.905882353,59,70.25877299,0.038961039,0.338983051,0.25974026,0.050847458,0.038961039,7.669444675,1,-4.663669922,18,0.233766234,29,0.376623377
641680,"Heim, Jonah",804,0.903370787,644,70.2480975,0.097014925,0.346273292,0.277363184,0.111801242,0.089552239,7.42537908,9,-41.12349257,160,0.199004975,317,0.394278607
691026,"Winn, Masyn",1000,0.900090009,823,70.22580169,0.115,0.32199271,0.265,0.120291616,0.099,7.32167485,14,-16.46575401,177,0.177,423,0.423
672761,"Pérez, Wenceel",695,0.902597403,554,70.21233547,0.092086331,0.319494585,0.254676259,0.090252708,0.071942446,6.853798532,4,-14.90608219,141,0.202877698,256,0.368345324
695336,"Saggese, Thomas",86,0.905263158,68,70.20435163,0.139534884,0.279411765,0.220930233,0.058823529,0.046511628,7.18793093,3,-3.627177344,18,0.209302326,29,0.337209302
680716,"Ornelas, Jonathan",64,0.901408451,45,70.20230406,0.140625,0.4,0.28125,0.155555556,0.109375,6.981489219,2,-3.395315972,19,0.296875,21,0.328125
669701,"Smith, Josh",945,0.90085796,737,70.14938828,0.067724868,0.356852103,0.278306878,0.118046133,0.092063492,6.82476836,10,-12.1906964,208,0.22010582,369,0.39047619
640902,"Pereda, Jhonny",66,0.904109589,49,70.14585364,0.090909091,0.285714286,0.212121212,0.142857143,0.106060606,7.153610303,1,-2.045158027,17,0.257575758,27,0.409090909
666018,"Aranda, Jonathan",217,0.900414938,177,70.13124249,0.092165899,0.344632768,0.281105991,0.146892655,0.119815668,7.326744747,5,-3.098053802,40,0.184331797,82,0.377880184
681393,"Norby, Connor",381,0.90070922,263,70.1029152,0.091863517,0.247148289,0.170603675,0.106463878,0.073490814,7.103882835,13,-11.45299746,118,0.309711286,104,0.272965879
650402,"Torres, Gleyber",1082,0.906197655,858,70.10033653,0.089648799,0.327505828,0.259704251,0.1002331,0.07948244,7.246845555,21,-26.36375104,224,0.20702403,397,0.366913124
672386,"Kirk, Alejandro",564,0.9024,485,70.08384606,0.122340426,0.367010309,0.315602837,0.142268041,0.122340426,7.022051188,8,-12.76167344,79,0.140070922,248,0.439716312
628451,"Ibáñez, Andy",415,0.904139434,291,70.06820718,0.057831325,0.347079038,0.243373494,0.120274914,0.084337349,7.330470337,6,-12.5701128,124,0.298795181,152,0.36626506
678882,"Rafaela, Ceddanne",1080,0.903010033,742,70.06628733,0.067592593,0.30458221,0.209259259,0.114555256,0.078703704,7.461803306,24,-13.81190369,338,0.312962963,341,0.315740741
676113,"DeLoach, Zach",131,0.909722222,100,70.05913,0.083969466,0.2,0.152671756,0.09,0.06870229,6.767862901,6,-2.779563985,31,0.236641221,41,0.312977099
621035,"Taylor, Chris",410,0.907079646,296,70.04082805,0.073170732,0.266891892,0.192682927,0.077702703,0.056097561,7.161483537,13,-13.0607636,114,0.27804878,125,0.304878049
670097,"Short, Zack",124,0.905109489,90,69.95945831,0.032258065,0.3,0.217741935,0.044444444,0.032258065,6.988329032,2,-10.50852461,34,0.274193548,35,0.282258065
641432,"Calhoun, Willie",356,0.905852417,317,69.92511376,0.103932584,0.397476341,0.353932584,0.154574132,0.137640449,6.656872331,3,-10.82144923,39,0.109550562,178,0.5
679822,"Foscue, Justin",81,0.9,59,69.89039543,0.086419753,0.254237288,0.185185185,0.050847458,0.037037037,7.037648148,2,-7.424315865,22,0.271604938,21,0.259259259
678246,"Vargas, Miguel",400,0.900900901,320,69.83418093,0.0825,0.2875,0.23,0.071875,0.0575,7.69059635,10,-22.33104584,80,0.2,143,0.3575
621493,"Ward, Taylor",938,0.902791145,724,69.8286211,0.084221748,0.383977901,0.296375267,0.147790055,0.114072495,7.053521119,23,-23.01720646,214,0.228144989,375,0.39978678
676914,"Schneider, Davis",685,0.903693931,501,69.82833648,0.061313869,0.301397206,0.220437956,0.103792415,0.075912409,6.922219723,25,-24.82203417,184,0.268613139,218,0.318248175
645801,"Ford, Mike",100,0.900900901,80,69.8221751,0.11,0.3125,0.25,0.1125,0.09,6.9219436,4,-7.85327376,20,0.2,42,0.42
595978,"Hedges, Austin",221,0.905737705,153,69.81377145,0.049773756,0.320261438,0.221719457,0.065359477,0.045248869,7.416517059,5,-14.94919486,68,0.307692308,72,0.325791855
702358,"Lipscomb, Trey",319,0.90368272,246,69.77728323,0.112852665,0.333333333,0.257053292,0.117886179,0.090909091,7.650227994,10,-19.48309385,73,0.228840125,126,0.394984326
518692,"Freeman, Freddie",1029,0.900262467,838,69.76940299,0.101068999,0.332935561,0.271137026,0.127684964,0.103984451,6.773679232,10,-15.05920252,191,0.185617104,385,0.37414966
605361,"Martini, Nick",251,0.906137184,195,69.76563434,0.067729084,0.323076923,0.250996016,0.097435897,0.075697211,6.905019004,8,-6.141085712,56,0.22310757,89,0.354581673
578428,"Iglesias, Jose",499,0.908925319,430,69.76527154,0.092184369,0.330232558,0.284569138,0.08372093,0.072144289,6.828306433,7,-0.56780458,69,0.138276553,212,0.424849699
669242,"Edman, Tommy",242,0.927203065,188,69.75553789,0.082644628,0.388297872,0.301652893,0.090425532,0.070247934,6.872627107,5,-3.360913959,54,0.223140496,110,0.454545455
593871,"Polanco, Jorge",726,0.902985075,533,69.74098358,0.078512397,0.318949343,0.23415978,0.120075047,0.08815427,7.193933526,17,-21.64309618,192,0.26446281,238,0.327823691
666163,"Rortvedt, Ben",498,0.905454545,365,69.73715082,0.052208835,0.320547945,0.234939759,0.076712329,0.0562249,7.06043004,7,-19.05805698,133,0.267068273,180,0.361445783
676609,"Caballero, José",751,0.900479616,549,69.6966992,0.155792277,0.282331512,0.206391478,0.089253188,0.065246338,6.960196272,18,-19.12249848,202,0.2689747,250,0.332889481
677870,"Jiménez, Leo",345,0.90078329,253,69.67442319,0.060869565,0.304347826,0.223188406,0.102766798,0.075362319,7.369984957,2,-10.91226169,92,0.266666667,118,0.342028986
650859,"Rengifo, Luis",516,0.90052356,405,69.66896291,0.120155039,0.343209877,0.269379845,0.096296296,0.075581395,7.165933566,9,-10.93929863,111,0.215116279,206,0.399224806
641313,"Anderson, Tim",399,0.900677201,293,69.65697048,0.042606516,0.279863481,0.205513784,0.112627986,0.082706767,7.185125388,14,-23.96707065,106,0.26566416,141,0.353383459
680977,"Donovan, Brendan",899,0.900801603,780,69.62546681,0.072302558,0.405128205,0.351501669,0.138461538,0.120133482,6.890205973,14,-17.74426565,119,0.132369299,453,0.503893215
647351,"Toro, Abraham",542,0.901830283,447,69.6168555,0.10701107,0.362416107,0.298892989,0.10738255,0.088560886,7.618221255,4,-24.36561327,95,0.175276753,235,0.433579336
656896,"Rivera, Emmanuel",489,0.903881701,351,69.60929978,0.100204499,0.378917379,0.27198364,0.165242165,0.118609407,6.862777812,5,-17.2716595,138,0.282208589,180,0.36809816
545121,"Vargas, Ildemaro",405,0.91011236,358,69.59389627,0.083950617,0.402234637,0.355555556,0.086592179,0.07654321,7.159983309,3,-20.94288375,47,0.116049383,215,0.530864198
669699,"Shewmake, Braden",80,0.91954023,61,69.57186125,0.05,0.344262295,0.2625,0.032786885,0.025,7.0602505,0,-9.630733756,19,0.2375,36,0.45
675961,"Williams, Alika",129,0.902097902,101,69.56734031,0.023255814,0.287128713,0.224806202,0.089108911,0.069767442,6.959167752,1,-8.035841177,28,0.217054264,51,0.395348837
608385,"Winker, Jesse",757,0.907673861,626,69.54365452,0.073976222,0.322683706,0.266842801,0.11341853,0.093791281,7.289593989,18,-9.933189573,131,0.173051519,288,0.380449141
592178,"Bryant, Kris",219,0.901234568,146,69.53793744,0.02739726,0.273972603,0.182648402,0.102739726,0.068493151,7.898236484,3,-8.158528549,73,0.333333333,69,0.315068493
608348,"Kelly, Carson",444,0.90797546,345,69.50614529,0.058558559,0.376811594,0.292792793,0.130434783,0.101351351,6.908451644,3,-17.23785155,99,0.222972973,189,0.425675676
672642,"Berroa, Steward",56,0.888888889,41,69.50390679,0.053571429,0.268292683,0.196428571,0.073170732,0.053571429,6.821314464,1,-2.061044785,15,0.267857143,21,0.375
677587,"Rocchio, Brayan",649,0.903899721,499,69.49924914,0.032357473,0.304609218,0.234206471,0.074148297,0.057010786,7.29060473,9,-29.91455245,150,0.231124807,255,0.392912173
687462,"Horwitz, Spencer",629,0.901146132,514,69.49651297,0.095389507,0.33463035,0.273449921,0.110894942,0.090620032,6.998690397,10,-8.584040137,115,0.182829889,234,0.372019078
595909,"Cave, Jake",609,0.903560831,445,69.48330903,0.072249589,0.305617978,0.223316913,0.094382022,0.068965517,6.952618621,17,-17.31291348,164,0.269293924,203,0.333333333
679845,"Loftin, Nick",222,0.902439024,196,69.47981689,0.022522523,0.336734694,0.297297297,0.091836735,0.081081081,7.35646464,3,-14.6405206,26,0.117117117,111,0.5
686482,"Driscoll, Logan",62,0.911764706,44,69.47850629,0.032258065,0.318181818,0.225806452,0.090909091,0.064516129,7.47668629,2,-3.755595915,18,0.290322581,24,0.387096774
630105,"Cronenworth, Jake",1001,0.898563734,836,69.45034311,0.062937063,0.318181818,0.265734266,0.118421053,0.098901099,7.07888997,11,-25.24365064,165,0.164835165,387,0.386613387
663368,"Perkins, Blake",622,0.909356725,450,69.42762384,0.032154341,0.424444444,0.307073955,0.126666667,0.091639871,7.302026158,13,-18.71050971,172,0.276527331,247,0.397106109
514888,"Altuve, Jose",1007,0.899107143,791,69.40963554,0.130089374,0.332490518,0.261171797,0.089759798,0.070506455,7.784342234,10,-17.93984502,216,0.21449851,397,0.394240318
607680,"Pillar, Kevin",546,0.899505766,436,69.40336557,0.056776557,0.277522936,0.221611722,0.087155963,0.06959707,7.573624084,28,-12.98641119,110,0.201465201,201,0.368131868
643289,"Dubón, Mauricio",752,0.903846154,620,69.3994169,0.066489362,0.332258065,0.27393617,0.067741935,0.055851064,7.62454883,14,-18.87217197,132,0.175531915,312,0.414893617
643565,"Tauchman, Mike",602,0.902548726,481,69.34322724,0.044850498,0.305613306,0.244186047,0.126819127,0.101328904,6.992986063,11,-20.86014886,121,0.200996678,209,0.34717608
572761,"Carpenter, Matt",230,0.901960784,168,69.32081061,0.034782609,0.273809524,0.2,0.089285714,0.065217391,8.080016913,4,-3.348019649,62,0.269565217,74,0.32173913
686797,"Lee, Brooks",279,0.902912621,225,69.31329115,0.046594982,0.368888889,0.297491039,0.08,0.064516129,6.91659595,5,-11.59089568,54,0.193548387,133,0.476702509
683011,"Volpe, Anthony",1119,0.896634615,884,69.30954713,0.036639857,0.32239819,0.254691689,0.099547511,0.078641644,7.075967989,28,-36.33495513,235,0.210008937,423,0.378016086
622569,"Reyes, Pablo",72,0.9,56,69.21720736,0.027777778,0.375,0.291666667,0.107142857,0.083333333,7.199663611,0,-5.059900392,16,0.222222222,27,0.375
669134,"Campusano, Luis",403,0.899553571,329,69.20046675,0.071960298,0.367781155,0.300248139,0.121580547,0.099255583,7.570852953,2,-18.3407883,74,0.183622829,184,0.456575682
657088,"Wall, Forrest",51,0.894736842,29,69.16095471,0.039215686,0.551724138,0.31372549,0.103448276,0.058823529,6.840825294,0,-4.050048543,22,0.431372549,19,0.37254902
687363,"Scott II, Victor",199,0.900452489,154,69.12778789,0.070351759,0.337662338,0.261306533,0.123376623,0.095477387,6.652877085,7,-7.260843662,45,0.226130653,79,0.396984925
645305,"Sánchez, Ali",139,0.896774194,109,69.1059464,0.050359712,0.293577982,0.230215827,0.128440367,0.100719424,7.135338129,4,-10.06359395,30,0.215827338,53,0.381294964
645277,"Albies, Ozzie",759,0.904648391,617,69.090366,0.075098814,0.330632091,0.268774704,0.081037277,0.065876153,7.21294747,7,-23.29926064,142,0.187088274,276,0.363636364
678225,"Bae, Ji Hwan",130,0.909090909,88,69.08618808,0.030769231,0.352272727,0.238461538,0.147727273,0.1,6.799039385,0,-6.828075732,42,0.323076923,42,0.323076923
687093,"Grissom, Vaughn",175,0.902061856,141,69.07998903,0.051428571,0.319148936,0.257142857,0.120567376,0.097142857,7.264178343,6,-8.87194098,34,0.194285714,74,0.422857143
668939,"Rutschman, Adley",982,0.900091659,827,69.07486558,0.064154786,0.356711004,0.300407332,0.106408706,0.089613035,6.939966446,9,-16.8975523,155,0.157841141,408,0.415478615
655316,"Monasterio, Andruw",239,0.90530303,188,69.0569287,0.033472803,0.292553191,0.230125523,0.095744681,0.075313808,6.745435816,5,-8.258898801,51,0.213389121,80,0.334728033
673490,"Kim, Ha-Seong",588,0.900459418,496,69.04421005,0.076530612,0.362903226,0.306122449,0.133064516,0.112244898,6.781327823,7,-18.51164566,92,0.156462585,258,0.43877551
541645,"García, Avisaíl",73,0.901234568,56,69.03821685,0.02739726,0.232142857,0.178082192,0.107142857,0.082191781,7.025863836,1,-2.47415565,17,0.232876712,24,0.328767123
682657,"Martínez, Angel",280,0.906148867,229,69.02611661,0.064285714,0.31441048,0.257142857,0.061135371,0.05,7.320514964,3,-8.671108507,51,0.182142857,103,0.367857143
641658,"Hampson, Garrett",347,0.901298701,271,69.0081832,0.025936599,0.313653137,0.244956772,0.099630996,0.077809798,6.977677752,4,-12.95015603,76,0.219020173,138,0.397694524
669234,"Malloy, Justyn-Henry",385,0.903755869,257,68.9955879,0.046753247,0.272373541,0.181818182,0.101167315,0.067532468,6.964126468,10,-6.087585169,128,0.332467532,109,0.283116883
605141,"Betts, Mookie",637,0.898448519,559,68.99552681,0.095761381,0.423971377,0.372056515,0.118067979,0.103610675,6.913299827,19,-13.15057133,78,0.12244898,322,0.505494505
643376,"Jansen, Danny",484,0.899628253,402,68.97523727,0.068181818,0.345771144,0.287190083,0.104477612,0.08677686,6.947587293,23,-17.62442092,82,0.169421488,203,0.419421488
641355,"Bellinger, Cody",891,0.9,708,68.97372607,0.051627385,0.38559322,0.306397306,0.097457627,0.077441077,7.611819248,22,-5.832518925,183,0.205387205,380,0.426487093
686823,"Brennan, Will",563,0.897926635,476,68.95764989,0.031971581,0.342436975,0.289520426,0.100840336,0.085257549,6.845805861,22,-4.687890856,87,0.154529307,250,0.444049734
668853,"Shenton, Austin",64,0.901408451,46,68.94987641,0.015625,0.347826087,0.25,0.065217391,0.046875,7.207213125,0,0.23492372,18,0.28125,26,0.40625
672279,"Siani, Michael",511,0.899647887,367,68.9387473,0.058708415,0.321525886,0.230919765,0.068119891,0.048923679,7.239817358,14,-24.37495343,144,0.281800391,180,0.352250489
680700,"Palacios, Richie",502,0.902877698,388,68.93483211,0.041832669,0.296391753,0.229083665,0.085051546,0.065737052,6.985700757,9,-18.99491236,114,0.227091633,182,0.362549801
649557,"Díaz, Aledmys",58,0.90625,44,68.91112172,0.051724138,0.340909091,0.25862069,0.113636364,0.086206897,7.39075931,0,-5.745500092,14,0.24137931,22,0.379310345
624431,"Trevino, Jose",297,0.905487805,246,68.89620956,0.037037037,0.410569106,0.34006734,0.117886179,0.097643098,7.035212222,2,-5.243170073,51,0.171717172,145,0.488215488
695238,"Wagner, Will",149,0.897590361,126,68.88989832,0.026845638,0.380952381,0.322147651,0.158730159,0.134228188,6.35455745,5,3.633707885,23,0.154362416,60,0.402684564
642197,"Westbrook, Jamie",77,0.895348837,50,68.8850039,0.064935065,0.36,0.233766234,0.08,0.051948052,7.400138961,2,-3.318633636,27,0.350649351,22,0.285714286
666152,"Hamilton, David",469,0.901923077,360,68.86696137,0.029850746,0.361111111,0.277185501,0.119444444,0.091684435,7.239088145,18,-6.863698131,109,0.232409382,197,0.420042644
668845,"Schunk, Aaron",190,0.900473934,137,68.84405668,0.057894737,0.255474453,0.184210526,0.072992701,0.052631579,6.566641316,3,-2.965826105,53,0.278947368,56,0.294736842
642086,"Smith, Dominic",483,0.899441341,372,68.83262093,0.02484472,0.38172043,0.293995859,0.107526882,0.082815735,6.970062422,13,-14.0286577,111,0.229813665,184,0.380952381
643446,"McNeil, Jeff",802,0.905191874,684,68.80150388,0.05361596,0.324561404,0.27680798,0.080409357,0.068578554,7.2238249,23,-16.77843649,118,0.14713217,318,0.396508728
596115,"Story, Trevor",124,0.898550725,86,68.78471282,0.080645161,0.23255814,0.161290323,0.104651163,0.072580645,7.157119516,2,-2.239237064,38,0.306451613,38,0.306451613
624512,"McGuire, Reese",212,0.898305085,170,68.7791966,0.061320755,0.270588235,0.216981132,0.082352941,0.066037736,8.14705,5,-8.049588792,42,0.198113208,82,0.386792453
669222,"Senzel, Nick",418,0.900862069,338,68.74048909,0.031100478,0.322485207,0.26076555,0.065088757,0.052631579,7.47899701,19,-13.60994855,80,0.19138756,171,0.409090909
543228,"Gomes, Yan",170,0.904255319,116,68.65654882,0.035294118,0.267241379,0.182352941,0.112068966,0.076470588,7.601245059,2,-9.125393071,54,0.317647059,46,0.270588235
676694,"Meyers, Jake",713,0.901390645,538,68.62223686,0.078541374,0.31598513,0.238429173,0.105947955,0.079943899,7.002006466,30,-28.53862782,175,0.245441795,274,0.384291725
664874,"Zavala, Seby",67,0.893333333,44,68.57231493,0.059701493,0.295454545,0.194029851,0.113636364,0.074626866,7.239945522,3,-2.489813069,23,0.343283582,18,0.268656716
687231,"Hernaiz, Darell",193,0.897674419,151,68.55977881,0.041450777,0.370860927,0.29015544,0.132450331,0.103626943,7.142752902,6,-10.16965085,42,0.21761658,84,0.435233161
672012,"Black, Tyler",92,0.901960784,72,68.55972685,0.065217391,0.222222222,0.173913043,0.013888889,0.010869565,6.966481196,6,-5.329928766,20,0.217391304,30,0.326086957
686452,"Millas, Drew",94,0.895238095,73,68.53434489,0.042553191,0.369863014,0.287234043,0.095890411,0.074468085,7.057674787,0,-3.577401457,21,0.223404255,36,0.382978723
519203,"Rizzo, Anthony",534,0.897478992,430,68.51812699,0.080524345,0.320930233,0.258426966,0.093023256,0.074906367,6.818032491,3,-16.62753632,104,0.194756554,209,0.391385768
691011,"Romo, Drew",92,0.901960784,64,68.47971739,0.032608696,0.234375,0.163043478,0.015625,0.010869565,7.242296196,0,-4.736621848,28,0.304347826,29,0.315217391
666185,"Carlson, Dylan",461,0.898635478,322,68.47439497,0.023861171,0.291925466,0.203904555,0.090062112,0.062906725,7.133777245,15,-20.3320329,139,0.301518438,139,0.301518438
668952,"Kreidler, Ryan",100,0.900900901,68,68.4728616,0.01,0.279411765,0.19,0.044117647,0.03,7.1740379,3,-8.875519271,32,0.32,33,0.33
600869,"Candelario, Jeimer",752,0.900598802,543,68.446306,0.050531915,0.342541436,0.247340426,0.099447514,0.071808511,7.808011396,18,-8.266213509,209,0.277925532,269,0.357712766
592192,"Canha, Mark",678,0.902796272,540,68.43849165,0.039823009,0.364814815,0.290560472,0.105555556,0.084070796,7.218751932,14,-22.64575559,138,0.203539823,262,0.386430678
681584,"Villar, David",53,0.898305085,36,68.42882849,0.037735849,0.388888889,0.264150943,0.166666667,0.113207547,7.835389623,0,-1.320082084,17,0.320754717,21,0.396226415
663527,"Nevin, Tyler",437,0.899176955,324,68.40299609,0.034324943,0.382716049,0.28375286,0.111111111,0.082379863,6.967845927,7,-18.36852254,113,0.258581236,156,0.356979405
669137,"Alvarez, Armando",54,0.9,44,68.37710019,0.074074074,0.363636364,0.296296296,0.045454545,0.037037037,6.956469259,1,-2.13777633,10,0.185185185,23,0.425925926
543760,"Semien, Marcus",1112,0.899676375,909,68.33932099,0.042266187,0.375137514,0.306654676,0.119911991,0.098021583,7.656665719,27,-33.79027307,203,0.182553957,482,0.433453237
657077,"Verdugo, Alex",844,0.904608789,709,68.33583921,0.07464455,0.3977433,0.334123223,0.108603667,0.091232227,6.317391896,5,-38.19893675,135,0.159952607,384,0.454976303
665828,"Cabrera, Oswaldo",480,0.902255639,390,68.33048258,0.016666667,0.341025641,0.277083333,0.1,0.08125,7.009249083,3,-13.81360188,90,0.1875,193,0.402083333
680474,"Schuemann, Max",665,0.899864682,488,68.3296754,0.021052632,0.387295082,0.284210526,0.088114754,0.064661654,6.667583128,15,-28.2250286,177,0.266165414,253,0.380451128
543877,"Vázquez, Christian",501,0.90433213,403,68.27781102,0.027944112,0.387096774,0.311377246,0.124069479,0.099800399,6.974993353,4,-16.21700986,98,0.195608782,213,0.425149701
645302,"Robles, Victor",441,0.905544148,331,68.27679098,0.024943311,0.356495468,0.267573696,0.081570997,0.06122449,6.879886032,8,-0.288333514,110,0.249433107,172,0.390022676
543685,"Rendon, Anthony",309,0.903508772,274,68.26698945,0.019417476,0.383211679,0.339805825,0.094890511,0.084142395,6.733558738,4,-7.684323064,35,0.113268608,145,0.469255663
665926,"Giménez, Andrés",1098,0.90073831,841,68.26372438,0.069216758,0.317479191,0.243169399,0.077288942,0.059198543,7.007848725,12,-46.14290077,257,0.234061931,395,0.359744991
649966,"Urías, Luis",162,0.9,125,68.26050117,0.049382716,0.28,0.216049383,0.096,0.074074074,7.702266296,1,-4.085775282,37,0.228395062,50,0.308641975
663538,"Hoerner, Nico",950,0.902184236,851,68.21666511,0.028421053,0.353701528,0.316842105,0.071680376,0.064210526,7.132460295,11,-15.84473177,99,0.104210526,453,0.476842105
605131,"Barnes, Austin",231,0.898832685,181,68.21076485,0.021645022,0.325966851,0.255411255,0.082872928,0.064935065,6.416562294,9,-8.703065479,50,0.216450216,89,0.385281385
670623,"Paredes, Isaac",1069,0.89983165,897,68.20256697,0.047708138,0.288740245,0.242282507,0.064659978,0.054256314,7.997963976,13,-24.77040807,172,0.160898036,381,0.356407858
624503,"Gordon, Nick",501,0.8994614,346,68.20099858,0.035928144,0.329479769,0.22754491,0.089595376,0.061876248,7.27368499,11,-14.37600376,155,0.309381238,170,0.339321357
681082,"Stott, Bryson",859,0.900419287,736,68.19075183,0.01862631,0.351902174,0.301513388,0.088315217,0.075669383,7.071885937,22,-23.60971173,123,0.143189756,376,0.437718277
570482,"Urshela, Gio",800,0.900900901,647,68.18910338,0.04125,0.357032457,0.28875,0.091190108,0.07375,7.1262678,10,-19.86318701,153,0.19125,334,0.4175
696285,"Young, Jacob",707,0.899491094,582,68.17035116,0.014144272,0.357388316,0.294200849,0.089347079,0.073550212,6.93405826,20,-20.05335218,125,0.176803395,320,0.45261669
621311,"Dahl, David",125,0.905797101,86,68.09628568,0,0.302325581,0.208,0.058139535,0.04,7.16307312,3,-6.673815283,39,0.312,36,0.288
543305,"Hicks, Aaron",84,0.903225806,60,68.07496536,0.035714286,0.266666667,0.19047619,0.1,0.071428571,7.389930119,4,-6.270127775,24,0.285714286,24,0.285714286
643217,"Benintendi, Andrew",809,0.900890869,649,68.0370308,0.009888752,0.397534669,0.318912237,0.090909091,0.072929543,6.708010865,12,-23.103851,160,0.197775031,344,0.425216316
681146,"Bride, Jonah",357,0.899244332,307,67.88099361,0.050420168,0.35504886,0.305322129,0.087947883,0.075630252,7.161833501,7,-0.759656377,50,0.140056022,149,0.417366947
500743,"Rojas, Miguel",453,0.902390438,392,67.87710157,0.041942605,0.37244898,0.322295806,0.084183673,0.072847682,7.003199051,9,-7.023120934,61,0.134657837,225,0.496688742
605113,"Ahmed, Nick",365,0.899014778,269,67.86612019,0.005479452,0.304832714,0.224657534,0.05204461,0.038356164,7.29607589,5,-14.99997869,96,0.263013699,130,0.356164384
669257,"Smith, Will",842,0.897654584,683,67.85493305,0.03087886,0.333821376,0.270783848,0.106881406,0.086698337,7.167339905,27,-25.0868701,159,0.188836105,308,0.365795724
691594,"Sanoja, Javier",59,0.921875,50,67.75495102,0,0.42,0.355932203,0.12,0.101694915,7.157934407,0,-2.4560626,9,0.152542373,29,0.491525424
663967,"Salazar, César",50,0.892857143,41,67.7324478,0,0.341463415,0.28,0.024390244,0.02,7.1300722,1,-0.251586117,9,0.18,21,0.42
571912,"Maile, Luke",231,0.898832685,170,67.70202039,0.012987013,0.276470588,0.203463203,0.052941176,0.038961039,6.729770563,7,-13.94042442,61,0.264069264,71,0.307359307
669743,"Call, Alex",183,0.901477833,154,67.69869705,0.032786885,0.337662338,0.284153005,0.097402597,0.081967213,6.798106831,6,5.905852962,29,0.158469945,73,0.398907104
669200,"McCoy, Mason",79,0.897727273,58,67.65208228,0.025316456,0.293103448,0.215189873,0.051724138,0.037974684,7.380142911,5,-3.877287356,21,0.265822785,25,0.316455696
607732,"Stallings, Jacob",417,0.902597403,306,67.56278065,0.011990408,0.362745098,0.26618705,0.104575163,0.076738609,7.174186043,9,-3.989249106,111,0.26618705,156,0.374100719
621028,"Newman, Kevin",457,0.901380671,390,67.55471759,0.026258206,0.387179487,0.330415755,0.061538462,0.052516411,6.694900941,11,-6.602780858,67,0.146608315,229,0.501094092
689172,"Wisely, Brett",404,0.899777283,316,67.5096177,0.034653465,0.332278481,0.25990099,0.091772152,0.071782178,6.783198614,10,-16.81641388,88,0.217821782,159,0.393564356
676070,"Amaya, Jacob",96,0.897196262,71,67.49632583,0,0.394366197,0.291666667,0.112676056,0.083333333,7.053948958,4,-5.678978165,25,0.260416667,36,0.375
543257,"Grossman, Robbie",323,0.899721448,251,67.4887557,0.021671827,0.370517928,0.287925697,0.071713147,0.055727554,6.529039009,8,-11.37227773,72,0.222910217,130,0.40247678
453568,"Blackmon, Charlie",760,0.899408284,617,67.41614263,0.023684211,0.293354943,0.238157895,0.066450567,0.053947368,7.146954237,5,-15.35558248,143,0.188157895,301,0.396052632
571466,"Barnhart, Tucker",119,0.901515152,83,67.38311714,0.025210084,0.313253012,0.218487395,0.084337349,0.058823529,7.437115714,2,-6.248235229,36,0.302521008,42,0.352941176
664983,"McCarthy, Jake",720,0.9,601,67.34480161,0.030555556,0.317803661,0.265277778,0.068219634,0.056944444,6.718087556,12,-14.799403,119,0.165277778,308,0.427777778
670764,"Walls, Taylor",404,0.899777283,305,67.33619366,0.017326733,0.324590164,0.245049505,0.059016393,0.044554455,7.16538354,8,-26.92301351,99,0.245049505,138,0.341584158
518934,"LeMahieu, DJ",304,0.899408284,257,67.30310493,0.052631579,0.385214008,0.325657895,0.112840467,0.095394737,7.132190033,9,-20.49235385,47,0.154605263,145,0.476973684
656716,"McKinstry, Zach",504,0.903225806,397,67.21989389,0.007936508,0.385390428,0.303571429,0.088161209,0.069444444,6.749020456,5,-18.91632364,107,0.212301587,199,0.39484127
669369,"Johnson, Bryce",103,0.903508772,84,67.10380583,0,0.30952381,0.252427184,0.083333333,0.067961165,7.146956505,0,-7.316611986,19,0.184466019,38,0.368932039
456781,"Solano, Donovan",513,0.898423818,397,67.05541103,0.013645224,0.319899244,0.247563353,0.085642317,0.066276803,7.00494499,11,-9.962818365,116,0.226120858,187,0.364522417
643396,"Kiner-Falefa, Isiah",649,0.900138696,557,67.02468097,0.021571649,0.409335727,0.351309707,0.1005386,0.086286595,6.822551125,11,-10.86268728,92,0.141756549,330,0.508474576
608671,"Jankowski, Travis",310,0.903790087,249,66.99790107,0.019354839,0.333333333,0.267741935,0.052208835,0.041935484,6.471499226,7,-21.55642567,61,0.196774194,123,0.396774194
668885,"Martin, Austin",352,0.900255754,279,66.93439315,0.011363636,0.458781362,0.363636364,0.086021505,0.068181818,6.905789773,9,-11.54902648,73,0.207386364,162,0.460227273
660644,"Bruján, Vidal",451,0.898406375,351,66.90975426,0.00886918,0.316239316,0.246119734,0.05982906,0.046563193,6.957217007,12,-14.56271679,100,0.22172949,163,0.361419069
664901,"Mendick, Danny",220,0.897959184,162,66.88858232,0.009090909,0.339506173,0.25,0.055555556,0.040909091,7.011509091,4,-11.63007349,58,0.263636364,85,0.386363636
672695,"Perdomo, Geraldo",497,0.898734177,435,66.85408968,0.022132797,0.383908046,0.336016097,0.075862069,0.06639839,6.832665091,11,-7.820078175,62,0.124748491,230,0.46277666
624415,"Biggio, Cavan",277,0.899350649,219,66.80443079,0.032490975,0.246575342,0.194945848,0.02283105,0.018050542,6.916543213,10,-7.088170201,58,0.209386282,92,0.332129964
592200,"Casali, Curt",173,0.901041667,143,66.8025585,0.011560694,0.335664336,0.277456647,0.027972028,0.023121387,7.290337283,7,-8.72237445,30,0.173410405,78,0.450867052
672569,"Campero, Gustavo",84,0.893617021,63,66.76926893,0.047619048,0.301587302,0.226190476,0.031746032,0.023809524,6.641765833,0,-2.015230031,21,0.25,33,0.392857143
676391,"Clement, Ernie",689,0.900653595,609,66.75706666,0.010159652,0.417077176,0.368650218,0.068965517,0.06095791,6.817448171,13,-2.844310959,80,0.116110305,348,0.505079826
670156,"Mastrobuoni, Miles",132,0.897959184,104,66.75451492,0.022727273,0.461538462,0.363636364,0.057692308,0.045454545,6.49322053,1,-13.14516549,28,0.212121212,65,0.492424242
571657,"Farmer, Kyle",359,0.899749373,287,66.67195891,0.016713092,0.379790941,0.30362117,0.087108014,0.069637883,6.834199025,7,-14.39653803,72,0.200557103,144,0.401114206
666150,"Fletcher, Dominic",354,0.900763359,282,66.6604228,0.002824859,0.333333333,0.265536723,0.085106383,0.06779661,6.543098418,2,-19.45446929,72,0.203389831,149,0.420903955
668942,"Rojas, Josh",726,0.899628253,562,66.5775046,0.008264463,0.37544484,0.290633609,0.099644128,0.077134986,7.254073416,15,-31.72764456,164,0.225895317,266,0.366391185
596117,"Stubbs, Garrett",307,0.900293255,236,66.56472762,0.016286645,0.237288136,0.182410423,0.016949153,0.013029316,7.068370879,6,-16.29461489,71,0.231270358,101,0.328990228
669289,"Espinal, Santiago",610,0.899705015,519,66.54742657,0.027868852,0.354527938,0.301639344,0.06743738,0.057377049,7.333943623,8,-17.62778648,91,0.149180328,259,0.424590164
645444,"Herrera, Jose",174,0.901554404,132,66.51501264,0.011494253,0.333333333,0.252873563,0.068181818,0.051724138,7.046451264,4,-5.556914412,42,0.24137931,65,0.373563218
624428,"Frazier, Adam",482,0.899253731,397,66.50362693,0.012448133,0.304785894,0.251037344,0.047858942,0.039419087,6.919557697,11,-18.84788441,85,0.176348548,178,0.369294606
660844,"Rivas, Leo",116,0.892307692,88,66.3961525,0.00862069,0.386363636,0.293103448,0.034090909,0.025862069,7.102824483,6,-5.58316426,28,0.24137931,42,0.362068966
660688,"Ruiz, Keibert",729,0.898890259,652,66.38776479,0.009602195,0.378834356,0.338820302,0.079754601,0.07133059,7.093757929,10,-24.4236148,77,0.105624143,351,0.481481481
683083,"Nuñez, Nasim",100,0.892857143,79,66.3505195,0.01,0.265822785,0.21,0.037974684,0.03,6.6439918,3,-4.515527099,21,0.21,35,0.35
686217,"Frelick, Sal",707,0.900636943,622,66.26557334,0.025459689,0.360128617,0.316831683,0.057877814,0.050919378,6.931139618,10,-13.75596239,85,0.120226308,338,0.478076379
668930,"Turang, Brice",925,0.898058252,797,66.17525535,0.033513514,0.337515684,0.290810811,0.061480552,0.052972973,6.077277535,12,-28.62477674,128,0.138378378,372,0.402162162
664770,"Lukes, Nathan",152,0.899408284,128,66.15692671,0.019736842,0.3515625,0.296052632,0.0546875,0.046052632,6.381282632,1,-2.986652381,24,0.157894737,55,0.361842105
642180,"Wade, Tyler",182,0.900990099,149,66.13835692,0.016483516,0.382550336,0.313186813,0.046979866,0.038461538,6.697795165,0,-12.05104045,33,0.181318681,84,0.461538462
527038,"Flores, Wilmer",327,0.900826446,284,66.00532459,0.021406728,0.341549296,0.296636086,0.077464789,0.067278287,6.883345229,6,-12.95236793,43,0.131498471,145,0.443425076
676701,"Trejo, Alan",97,0.898148148,77,65.97701866,0.020618557,0.415584416,0.329896907,0.064935065,0.051546392,7.089686804,2,-6.791298517,20,0.206185567,39,0.402061856
686765,"Sogard, Nick",145,0.895061728,112,65.87345172,0.006896552,0.303571429,0.234482759,0.080357143,0.062068966,6.93049331,5,-4.155129667,33,0.227586207,47,0.324137931
553882,"Narváez, Omar",112,0.903225806,95,65.76258366,0.017857143,0.347368421,0.294642857,0.031578947,0.026785714,6.791265714,3,-8.420112176,17,0.151785714,44,0.392857143
657061,"Tucker, Cole",86,0.895833333,62,65.60446186,0.023255814,0.338709677,0.244186047,0.064516129,0.046511628,6.842614767,1,-6.619939959,24,0.279069767,27,0.313953488
665561,"Marchán, Rafael",77,0.895348837,67,65.56661961,0,0.417910448,0.363636364,0.074626866,0.064935065,7.408344805,3,3.302304936,10,0.12987013,40,0.519480519
665877,"Fermín, José",109,0.900826446,98,65.46356927,0,0.397959184,0.357798165,0.081632653,0.073394495,7.194873028,1,-9.157350081,11,0.100917431,48,0.440366972
663611,"Madrigal, Nick",139,0.902597403,126,65.40102187,0.021582734,0.333333333,0.302158273,0.023809524,0.021582734,6.470112302,2,-7.779554859,13,0.09352518,59,0.424460432
694384,"Schanuel, Nolan",783,0.9,682,65.18050149,0.025542784,0.365102639,0.318007663,0.055718475,0.04853129,6.565545198,13,-17.67054665,101,0.12899106,343,0.438058748
457759,"Turner, Justin",860,0.89958159,738,65.05838949,0.008139535,0.325203252,0.279069767,0.050135501,0.043023256,6.334991081,16,-18.68862163,122,0.141860465,315,0.36627907
669397,"Allen, Nick",127,0.90070922,109,65.04729339,0,0.357798165,0.307086614,0.04587156,0.039370079,6.519715669,7,-9.097946945,18,0.141732283,60,0.472440945
674441,"Hurtubise, Jacob",103,0.895652174,82,65.02520136,0,0.292682927,0.233009709,0,0,6.873348058,3,-5.143540989,21,0.203883495,34,0.330097087
641645,"Guillorme, Luis",292,0.901234568,243,64.94325325,0.010273973,0.386831276,0.321917808,0.04526749,0.037671233,7.504192945,4,-14.37070508,49,0.167808219,117,0.400684932
669364,"Edwards, Xavier",486,0.9,409,64.50555152,0.002057613,0.37408313,0.314814815,0.051344743,0.043209877,6.259037119,14,-3.53596955,77,0.158436214,195,0.401234568
683021,"Stefanic, Michael",163,0.900552486,147,64.43709337,0.006134969,0.380952381,0.343558282,0.034013605,0.030674847,6.259551104,3,-7.116158813,16,0.098159509,75,0.460122699
680757,"Kwan, Steven",673,0.909459459,623,64.42773059,0.004457652,0.417335474,0.386329866,0.062600321,0.05794948,6.451500728,6,-7.513640171,50,0.074294205,344,0.511144131
670032,"Lopez, Nicky",640,0.900140647,522,64.152404,0.0046875,0.396551724,0.3234375,0.030651341,0.025,6.707619188,16,-29.31595371,118,0.184375,274,0.428125
805779,"Wilson, Jacob",146,0.901234568,130,63.48826062,0.006849315,0.446153846,0.397260274,0.015384615,0.01369863,6.172465753,4,-6.57960329,16,0.109589041,75,0.51369863
593160,"Merrifield, Whit",468,0.9,380,63.38730964,0.002136752,0.321052632,0.260683761,0.042105263,0.034188034,6.873486026,7,-21.1778801,88,0.188034188,180,0.384615385
650333,"Arraez, Luis",959,0.900469484,903,63.14996061,0.002085506,0.459579181,0.43274244,0.046511628,0.04379562,5.957815558,8,-13.51053528,56,0.058394161,493,0.514077164
